x,y,ux,uy,speed
0,1,6.81e-05,-4.8607e-15,6.81e-05
1,1,6.81e-05,-4.8607e-15,6.81e-05
2,1,6.81e-05,-4.8607e-15,6.81e-05
3,1,6.81e-05,-4.8607e-15,6.81e-05
4,1,6.81e-05,-4.8607e-15,6.81e-05
5,1,6.81e-05,-4.8607e-15,6.81e-05
6,1,6.81e-05,-4.8607e-15,6.81e-05
7,1,6.81e-05,-4.8607e-15,6.81e-05
8,1,6.81e-05,-4.8607e-15,6.81e-05
9,1,6.81e-05,-4.8607e-15,6.81e-05
10,1,6.81e-05,-4.8607e-15,6.81e-05
11,1,6.81e-05,-4.8607e-15,6.81e-05
12,1,6.81e-05,-4.8607e-15,6.81e-05
13,1,6.81e-05,-4.8607e-15,6.81e-05
14,1,6.81e-05,-4.8607e-15,6.81e-05
15,1,6.81e-05,-4.8607e-15,6.81e-05
16,1,6.81e-05,-4.8607e-15,6.81e-05
17,1,6.81e-05,-4.8607e-15,6.81e-05
18,1,6.81e-05,-4.8607e-15,6.81e-05
19,1,6.81e-05,-4.8607e-15,6.81e-05
20,1,6.81e-05,-4.8607e-15,6.81e-05
21,1,6.81e-05,-4.8607e-15,6.81e-05
22,1,6.81e-05,-4.8607e-15,6.81e-05
23,1,6.81e-05,-4.8607e-15,6.81e-05
24,1,6.81e-05,-4.8607e-15,6.81e-05
25,1,6.81e-05,-4.8607e-15,6.81e-05
26,1,6.81e-05,-4.8607e-15,6.81e-05
27,1,6.81e-05,-4.8607e-15,6.81e-05
28,1,6.81e-05,-4.8607e-15,6.81e-05
29,1,6.81e-05,-4.8607e-15,6.81e-05
30,1,6.81e-05,-4.8607e-15,6.81e-05
31,1,6.81e-05,-4.8607e-15,6.81e-05
32,1,6.81e-05,-4.8607e-15,6.81e-05
33,1,6.81e-05,-4.8607e-15,6.81e-05
34,1,6.81e-05,-4.8607e-15,6.81e-05
35,1,6.81e-05,-4.8607e-15,6.81e-05
36,1,6.81e-05,-4.8607e-15,6.81e-05
37,1,6.81e-05,-4.8607e-15,6.81e-05
38,1,6.81e-05,-4.8607e-15,6.81e-05
39,1,6.81e-05,-4.8607e-15,6.81e-05
40,1,6.81e-05,-4.8607e-15,6.81e-05
41,1,6.81e-05,-4.8607e-15,6.81e-05
42,1,6.81e-05,-4.8607e-15,6.81e-05
43,1,6.81e-05,-4.8607e-15,6.81e-05
44,1,6.81e-05,-4.8607e-15,6.81e-05
45,1,6.81e-05,-4.8607e-15,6.81e-05
46,1,6.81e-05,-4.8607e-15,6.81e-05
47,1,6.81e-05,-4.8607e-15,6.81e-05
48,1,6.81e-05,-4.8607e-15,6.81e-05
49,1,6.81e-05,-4.8607e-15,6.81e-05
50,1,6.81e-05,-4.8607e-15,6.81e-05
51,1,6.81e-05,-4.8607e-15,6.81e-05
52,1,6.81e-05,-4.8607e-15,6.81e-05
53,1,6.81e-05,-4.8607e-15,6.81e-05
54,1,6.81e-05,-4.8607e-15,6.81e-05
55,1,6.81e-05,-4.8607e-15,6.81e-05
56,1,6.81e-05,-4.8607e-15,6.81e-05
57,1,6.81e-05,-4.8607e-15,6.81e-05
58,1,6.81e-05,-4.8607e-15,6.81e-05
59,1,6.81e-05,-4.8607e-15,6.81e-05
60,1,6.81e-05,-4.8607e-15,6.81e-05
61,1,6.81e-05,-4.8607e-15,6.81e-05
62,1,6.81e-05,-4.8607e-15,6.81e-05
63,1,6.81e-05,-4.8607e-15,6.81e-05
64,1,6.81e-05,-4.8607e-15,6.81e-05
65,1,6.81e-05,-4.8607e-15,6.81e-05
66,1,6.81e-05,-4.8607e-15,6.81e-05
67,1,6.81e-05,-4.8607e-15,6.81e-05
68,1,6.81e-05,-4.8607e-15,6.81e-05
69,1,6.81e-05,-4.8607e-15,6.81e-05
70,1,6.81e-05,-4.8607e-15,6.81e-05
71,1,6.81e-05,-4.8607e-15,6.81e-05
72,1,6.81e-05,-4.8607e-15,6.81e-05
73,1,6.81e-05,-4.8607e-15,6.81e-05
74,1,6.81e-05,-4.8607e-15,6.81e-05
75,1,6.81e-05,-4.8607e-15,6.81e-05
76,1,6.81e-05,-4.8607e-15,6.81e-05
77,1,6.81e-05,-4.8607e-15,6.81e-05
78,1,6.81e-05,-4.8607e-15,6.81e-05
79,1,6.81e-05,-4.8607e-15,6.81e-05
0,2,0.0001981,5.02029e-15,0.0001981
1,2,0.0001981,5.02029e-15,0.0001981
2,2,0.0001981,5.02029e-15,0.0001981
3,2,0.0001981,5.02029e-15,0.0001981
4,2,0.0001981,5.02029e-15,0.0001981
5,2,0.0001981,5.02029e-15,0.0001981
6,2,0.0001981,5.02029e-15,0.0001981
7,2,0.0001981,5.02029e-15,0.0001981
8,2,0.0001981,5.02029e-15,0.0001981
9,2,0.0001981,5.02029e-15,0.0001981
10,2,0.0001981,5.02029e-15,0.0001981
11,2,0.0001981,5.02029e-15,0.0001981
12,2,0.0001981,5.02029e-15,0.0001981
13,2,0.0001981,5.02029e-15,0.0001981
14,2,0.0001981,5.02029e-15,0.0001981
15,2,0.0001981,5.02029e-15,0.0001981
16,2,0.0001981,5.02029e-15,0.0001981
17,2,0.0001981,5.02029e-15,0.0001981
18,2,0.0001981,5.02029e-15,0.0001981
19,2,0.0001981,5.02029e-15,0.0001981
20,2,0.0001981,5.02029e-15,0.0001981
21,2,0.0001981,5.02029e-15,0.0001981
22,2,0.0001981,5.02029e-15,0.0001981
23,2,0.0001981,5.02029e-15,0.0001981
24,2,0.0001981,5.02029e-15,0.0001981
25,2,0.0001981,5.02029e-15,0.0001981
26,2,0.0001981,5.02029e-15,0.0001981
27,2,0.0001981,5.02029e-15,0.0001981
28,2,0.0001981,5.02029e-15,0.0001981
29,2,0.0001981,5.02029e-15,0.0001981
30,2,0.0001981,5.02029e-15,0.0001981
31,2,0.0001981,5.02029e-15,0.0001981
32,2,0.0001981,5.02029e-15,0.0001981
33,2,0.0001981,5.02029e-15,0.0001981
34,2,0.0001981,5.02029e-15,0.0001981
35,2,0.0001981,5.02029e-15,0.0001981
36,2,0.0001981,5.02029e-15,0.0001981
37,2,0.0001981,5.02029e-15,0.0001981
38,2,0.0001981,5.02029e-15,0.0001981
39,2,0.0001981,5.02029e-15,0.0001981
40,2,0.0001981,5.02029e-15,0.0001981
41,2,0.0001981,5.02029e-15,0.0001981
42,2,0.0001981,5.02029e-15,0.0001981
43,2,0.0001981,5.02029e-15,0.0001981
44,2,0.0001981,5.02029e-15,0.0001981
45,2,0.0001981,5.02029e-15,0.0001981
46,2,0.0001981,5.02029e-15,0.0001981
47,2,0.0001981,5.02029e-15,0.0001981
48,2,0.0001981,5.02029e-15,0.0001981
49,2,0.0001981,5.02029e-15,0.0001981
50,2,0.0001981,5.02029e-15,0.0001981
51,2,0.0001981,5.02029e-15,0.0001981
52,2,0.0001981,5.02029e-15,0.0001981
53,2,0.0001981,5.02029e-15,0.0001981
54,2,0.0001981,5.02029e-15,0.0001981
55,2,0.0001981,5.02029e-15,0.0001981
56,2,0.0001981,5.02029e-15,0.0001981
57,2,0.0001981,5.02029e-15,0.0001981
58,2,0.0001981,5.02029e-15,0.0001981
59,2,0.0001981,5.02029e-15,0.0001981
60,2,0.0001981,5.02029e-15,0.0001981
61,2,0.0001981,5.02029e-15,0.0001981
62,2,0.0001981,5.02029e-15,0.0001981
63,2,0.0001981,5.02029e-15,0.0001981
64,2,0.0001981,5.02029e-15,0.0001981
65,2,0.0001981,5.02029e-15,0.0001981
66,2,0.0001981,5.02029e-15,0.0001981
67,2,0.0001981,5.02029e-15,0.0001981
68,2,0.0001981,5.02029e-15,0.0001981
69,2,0.0001981,5.02029e-15,0.0001981
70,2,0.0001981,5.02029e-15,0.0001981
71,2,0.0001981,5.02029e-15,0.0001981
72,2,0.0001981,5.02029e-15,0.0001981
73,2,0.0001981,5.02029e-15,0.0001981
74,2,0.0001981,5.02029e-15,0.0001981
75,2,0.0001981,5.02029e-15,0.0001981
76,2,0.0001981,5.02029e-15,0.0001981
77,2,0.0001981,5.02029e-15,0.0001981
78,2,0.0001981,5.02029e-15,0.0001981
79,2,0.0001981,5.02029e-15,0.0001981
0,3,0.0003181,-4.60396e-15,0.0003181
1,3,0.0003181,-4.60396e-15,0.0003181
2,3,0.0003181,-4.60396e-15,0.0003181
3,3,0.0003181,-4.60396e-15,0.0003181
4,3,0.0003181,-4.60396e-15,0.0003181
5,3,0.0003181,-4.60396e-15,0.0003181
6,3,0.0003181,-4.60396e-15,0.0003181
7,3,0.0003181,-4.60396e-15,0.0003181
8,3,0.0003181,-4.60396e-15,0.0003181
9,3,0.0003181,-4.60396e-15,0.0003181
10,3,0.0003181,-4.60396e-15,0.0003181
11,3,0.0003181,-4.60396e-15,0.0003181
12,3,0.0003181,-4.60396e-15,0.0003181
13,3,0.0003181,-4.60396e-15,0.0003181
14,3,0.0003181,-4.60396e-15,0.0003181
15,3,0.0003181,-4.60396e-15,0.0003181
16,3,0.0003181,-4.60396e-15,0.0003181
17,3,0.0003181,-4.60396e-15,0.0003181
18,3,0.0003181,-4.60396e-15,0.0003181
19,3,0.0003181,-4.60396e-15,0.0003181
20,3,0.0003181,-4.60396e-15,0.0003181
21,3,0.0003181,-4.60396e-15,0.0003181
22,3,0.0003181,-4.60396e-15,0.0003181
23,3,0.0003181,-4.60396e-15,0.0003181
24,3,0.0003181,-4.60396e-15,0.0003181
25,3,0.0003181,-4.60396e-15,0.0003181
26,3,0.0003181,-4.60396e-15,0.0003181
27,3,0.0003181,-4.60396e-15,0.0003181
28,3,0.0003181,-4.60396e-15,0.0003181
29,3,0.0003181,-4.60396e-15,0.0003181
30,3,0.0003181,-4.60396e-15,0.0003181
31,3,0.0003181,-4.60396e-15,0.0003181
32,3,0.0003181,-4.60396e-15,0.0003181
33,3,0.0003181,-4.60396e-15,0.0003181
34,3,0.0003181,-4.60396e-15,0.0003181
35,3,0.0003181,-4.60396e-15,0.0003181
36,3,0.0003181,-4.60396e-15,0.0003181
37,3,0.0003181,-4.60396e-15,0.0003181
38,3,0.0003181,-4.60396e-15,0.0003181
39,3,0.0003181,-4.60396e-15,0.0003181
40,3,0.0003181,-4.60396e-15,0.0003181
41,3,0.0003181,-4.60396e-15,0.0003181
42,3,0.0003181,-4.60396e-15,0.0003181
43,3,0.0003181,-4.60396e-15,0.0003181
44,3,0.0003181,-4.60396e-15,0.0003181
45,3,0.0003181,-4.60396e-15,0.0003181
46,3,0.0003181,-4.60396e-15,0.0003181
47,3,0.0003181,-4.60396e-15,0.0003181
48,3,0.0003181,-4.60396e-15,0.0003181
49,3,0.0003181,-4.60396e-15,0.0003181
50,3,0.0003181,-4.60396e-15,0.0003181
51,3,0.0003181,-4.60396e-15,0.0003181
52,3,0.0003181,-4.60396e-15,0.0003181
53,3,0.0003181,-4.60396e-15,0.0003181
54,3,0.0003181,-4.60396e-15,0.0003181
55,3,0.0003181,-4.60396e-15,0.0003181
56,3,0.0003181,-4.60396e-15,0.0003181
57,3,0.0003181,-4.60396e-15,0.0003181
58,3,0.0003181,-4.60396e-15,0.0003181
59,3,0.0003181,-4.60396e-15,0.0003181
60,3,0.0003181,-4.60396e-15,0.0003181
61,3,0.0003181,-4.60396e-15,0.0003181
62,3,0.0003181,-4.60396e-15,0.0003181
63,3,0.0003181,-4.60396e-15,0.0003181
64,3,0.0003181,-4.60396e-15,0.0003181
65,3,0.0003181,-4.60396e-15,0.0003181
66,3,0.0003181,-4.60396e-15,0.0003181
67,3,0.0003181,-4.60396e-15,0.0003181
68,3,0.0003181,-4.60396e-15,0.0003181
69,3,0.0003181,-4.60396e-15,0.0003181
70,3,0.0003181,-4.60396e-15,0.0003181
71,3,0.0003181,-4.60396e-15,0.0003181
72,3,0.0003181,-4.60396e-15,0.0003181
73,3,0.0003181,-4.60396e-15,0.0003181
74,3,0.0003181,-4.60396e-15,0.0003181
75,3,0.0003181,-4.60396e-15,0.0003181
76,3,0.0003181,-4.60396e-15,0.0003181
77,3,0.0003181,-4.60396e-15,0.0003181
78,3,0.0003181,-4.60396e-15,0.0003181
79,3,0.0003181,-4.60396e-15,0.0003181
0,4,0.0004281,5.26662e-15,0.0004281
1,4,0.0004281,5.26662e-15,0.0004281
2,4,0.0004281,5.26662e-15,0.0004281
3,4,0.0004281,5.26662e-15,0.0004281
4,4,0.0004281,5.26662e-15,0.0004281
5,4,0.0004281,5.26662e-15,0.0004281
6,4,0.0004281,5.26662e-15,0.0004281
7,4,0.0004281,5.26662e-15,0.0004281
8,4,0.0004281,5.26662e-15,0.0004281
9,4,0.0004281,5.26662e-15,0.0004281
10,4,0.0004281,5.26662e-15,0.0004281
11,4,0.0004281,5.26662e-15,0.0004281
12,4,0.0004281,5.26662e-15,0.0004281
13,4,0.0004281,5.26662e-15,0.0004281
14,4,0.0004281,5.26662e-15,0.0004281
15,4,0.0004281,5.26662e-15,0.0004281
16,4,0.0004281,5.26662e-15,0.0004281
17,4,0.0004281,5.26662e-15,0.0004281
18,4,0.0004281,5.26662e-15,0.0004281
19,4,0.0004281,5.26662e-15,0.0004281
20,4,0.0004281,5.26662e-15,0.0004281
21,4,0.0004281,5.26662e-15,0.0004281
22,4,0.0004281,5.26662e-15,0.0004281
23,4,0.0004281,5.26662e-15,0.0004281
24,4,0.0004281,5.26662e-15,0.0004281
25,4,0.0004281,5.26662e-15,0.0004281
26,4,0.0004281,5.26662e-15,0.0004281
27,4,0.0004281,5.26662e-15,0.0004281
28,4,0.0004281,5.26662e-15,0.0004281
29,4,0.0004281,5.26662e-15,0.0004281
30,4,0.0004281,5.26662e-15,0.0004281
31,4,0.0004281,5.26662e-15,0.0004281
32,4,0.0004281,5.26662e-15,0.0004281
33,4,0.0004281,5.26662e-15,0.0004281
34,4,0.0004281,5.26662e-15,0.0004281
35,4,0.0004281,5.26662e-15,0.0004281
36,4,0.0004281,5.26662e-15,0.0004281
37,4,0.0004281,5.26662e-15,0.0004281
38,4,0.0004281,5.26662e-15,0.0004281
39,4,0.0004281,5.26662e-15,0.0004281
40,4,0.0004281,5.26662e-15,0.0004281
41,4,0.0004281,5.26662e-15,0.0004281
42,4,0.0004281,5.26662e-15,0.0004281
43,4,0.0004281,5.26662e-15,0.0004281
44,4,0.0004281,5.26662e-15,0.0004281
45,4,0.0004281,5.26662e-15,0.0004281
46,4,0.0004281,5.26662e-15,0.0004281
47,4,0.0004281,5.26662e-15,0.0004281
48,4,0.0004281,5.26662e-15,0.0004281
49,4,0.0004281,5.26662e-15,0.0004281
50,4,0.0004281,5.26662e-15,0.0004281
51,4,0.0004281,5.26662e-15,0.0004281
52,4,0.0004281,5.26662e-15,0.0004281
53,4,0.0004281,5.26662e-15,0.0004281
54,4,0.0004281,5.26662e-15,0.0004281
55,4,0.0004281,5.26662e-15,0.0004281
56,4,0.0004281,5.26662e-15,0.0004281
57,4,0.0004281,5.26662e-15,0.0004281
58,4,0.0004281,5.26662e-15,0.0004281
59,4,0.0004281,5.26662e-15,0.0004281
60,4,0.0004281,5.26662e-15,0.0004281
61,4,0.0004281,5.26662e-15,0.0004281
62,4,0.0004281,5.26662e-15,0.0004281
63,4,0.0004281,5.26662e-15,0.0004281
64,4,0.0004281,5.26662e-15,0.0004281
65,4,0.0004281,5.26662e-15,0.0004281
66,4,0.0004281,5.26662e-15,0.0004281
67,4,0.0004281,5.26662e-15,0.0004281
68,4,0.0004281,5.26662e-15,0.0004281
69,4,0.0004281,5.26662e-15,0.0004281
70,4,0.0004281,5.26662e-15,0.0004281
71,4,0.0004281,5.26662e-15,0.0004281
72,4,0.0004281,5.26662e-15,0.0004281
73,4,0.0004281,5.26662e-15,0.0004281
74,4,0.0004281,5.26662e-15,0.0004281
75,4,0.0004281,5.26662e-15,0.0004281
76,4,0.0004281,5.26662e-15,0.0004281
77,4,0.0004281,5.26662e-15,0.0004281
78,4,0.0004281,5.26662e-15,0.0004281
79,4,0.0004281,5.26662e-15,0.0004281
0,5,0.0005281,-4.52763e-15,0.0005281
1,5,0.0005281,-4.52763e-15,0.0005281
2,5,0.0005281,-4.52763e-15,0.0005281
3,5,0.0005281,-4.52763e-15,0.0005281
4,5,0.0005281,-4.52763e-15,0.0005281
5,5,0.0005281,-4.52763e-15,0.0005281
6,5,0.0005281,-4.52763e-15,0.0005281
7,5,0.0005281,-4.52763e-15,0.0005281
8,5,0.0005281,-4.52763e-15,0.0005281
9,5,0.0005281,-4.52763e-15,0.0005281
10,5,0.0005281,-4.52763e-15,0.0005281
11,5,0.0005281,-4.52763e-15,0.0005281
12,5,0.0005281,-4.52763e-15,0.0005281
13,5,0.0005281,-4.52763e-15,0.0005281
14,5,0.0005281,-4.52763e-15,0.0005281
15,5,0.0005281,-4.52763e-15,0.0005281
16,5,0.0005281,-4.52763e-15,0.0005281
17,5,0.0005281,-4.52763e-15,0.0005281
18,5,0.0005281,-4.52763e-15,0.0005281
19,5,0.0005281,-4.52763e-15,0.0005281
20,5,0.0005281,-4.52763e-15,0.0005281
21,5,0.0005281,-4.52763e-15,0.0005281
22,5,0.0005281,-4.52763e-15,0.0005281
23,5,0.0005281,-4.52763e-15,0.0005281
24,5,0.0005281,-4.52763e-15,0.0005281
25,5,0.0005281,-4.52763e-15,0.0005281
26,5,0.0005281,-4.52763e-15,0.0005281
27,5,0.0005281,-4.52763e-15,0.0005281
28,5,0.0005281,-4.52763e-15,0.0005281
29,5,0.0005281,-4.52763e-15,0.0005281
30,5,0.0005281,-4.52763e-15,0.0005281
31,5,0.0005281,-4.52763e-15,0.0005281
32,5,0.0005281,-4.52763e-15,0.0005281
33,5,0.0005281,-4.52763e-15,0.0005281
34,5,0.0005281,-4.52763e-15,0.0005281
35,5,0.0005281,-4.52763e-15,0.0005281
36,5,0.0005281,-4.52763e-15,0.0005281
37,5,0.0005281,-4.52763e-15,0.0005281
38,5,0.0005281,-4.52763e-15,0.0005281
39,5,0.0005281,-4.52763e-15,0.0005281
40,5,0.0005281,-4.52763e-15,0.0005281
41,5,0.0005281,-4.52763e-15,0.0005281
42,5,0.0005281,-4.52763e-15,0.0005281
43,5,0.0005281,-4.52763e-15,0.0005281
44,5,0.0005281,-4.52763e-15,0.0005281
45,5,0.0005281,-4.52763e-15,0.0005281
46,5,0.0005281,-4.52763e-15,0.0005281
47,5,0.0005281,-4.52763e-15,0.0005281
48,5,0.0005281,-4.52763e-15,0.0005281
49,5,0.0005281,-4.52763e-15,0.0005281
50,5,0.0005281,-4.52763e-15,0.0005281
51,5,0.0005281,-4.52763e-15,0.0005281
52,5,0.0005281,-4.52763e-15,0.0005281
53,5,0.0005281,-4.52763e-15,0.0005281
54,5,0.0005281,-4.52763e-15,0.0005281
55,5,0.0005281,-4.52763e-15,0.0005281
56,5,0.0005281,-4.52763e-15,0.0005281
57,5,0.0005281,-4.52763e-15,0.0005281
58,5,0.0005281,-4.52763e-15,0.0005281
59,5,0.0005281,-4.52763e-15,0.0005281
60,5,0.0005281,-4.52763e-15,0.0005281
61,5,0.0005281,-4.52763e-15,0.0005281
62,5,0.0005281,-4.52763e-15,0.0005281
63,5,0.0005281,-4.52763e-15,0.0005281
64,5,0.0005281,-4.52763e-15,0.0005281
65,5,0.0005281,-4.52763e-15,0.0005281
66,5,0.0005281,-4.52763e-15,0.0005281
67,5,0.0005281,-4.52763e-15,0.0005281
68,5,0.0005281,-4.52763e-15,0.0005281
69,5,0.0005281,-4.52763e-15,0.0005281
70,5,0.0005281,-4.52763e-15,0.0005281
71,5,0.0005281,-4.52763e-15,0.0005281
72,5,0.0005281,-4.52763e-15,0.0005281
73,5,0.0005281,-4.52763e-15,0.0005281
74,5,0.0005281,-4.52763e-15,0.0005281
75,5,0.0005281,-4.52763e-15,0.0005281
76,5,0.0005281,-4.52763e-15,0.0005281
77,5,0.0005281,-4.52763e-15,0.0005281
78,5,0.0005281,-4.52763e-15,0.0005281
79,5,0.0005281,-4.52763e-15,0.0005281
0,6,0.0006181,5.13478e-15,0.0006181
1,6,0.0006181,5.13478e-15,0.0006181
2,6,0.0006181,5.13478e-15,0.0006181
3,6,0.0006181,5.13478e-15,0.0006181
4,6,0.0006181,5.13478e-15,0.0006181
5,6,0.0006181,5.13478e-15,0.0006181
6,6,0.0006181,5.13478e-15,0.0006181
7,6,0.0006181,5.13478e-15,0.0006181
8,6,0.0006181,5.13478e-15,0.0006181
9,6,0.0006181,5.13478e-15,0.0006181
10,6,0.0006181,5.13478e-15,0.0006181
11,6,0.0006181,5.13478e-15,0.0006181
12,6,0.0006181,5.13478e-15,0.0006181
13,6,0.0006181,5.13478e-15,0.0006181
14,6,0.0006181,5.13478e-15,0.0006181
15,6,0.0006181,5.13478e-15,0.0006181
16,6,0.0006181,5.13478e-15,0.0006181
17,6,0.0006181,5.13478e-15,0.0006181
18,6,0.0006181,5.13478e-15,0.0006181
19,6,0.0006181,5.13478e-15,0.0006181
20,6,0.0006181,5.13478e-15,0.0006181
21,6,0.0006181,5.13478e-15,0.0006181
22,6,0.0006181,5.13478e-15,0.0006181
23,6,0.0006181,5.13478e-15,0.0006181
24,6,0.0006181,5.13478e-15,0.0006181
25,6,0.0006181,5.13478e-15,0.0006181
26,6,0.0006181,5.13478e-15,0.0006181
27,6,0.0006181,5.13478e-15,0.0006181
28,6,0.0006181,5.13478e-15,0.0006181
29,6,0.0006181,5.13478e-15,0.0006181
30,6,0.0006181,5.13478e-15,0.0006181
31,6,0.0006181,5.13478e-15,0.0006181
32,6,0.0006181,5.13478e-15,0.0006181
33,6,0.0006181,5.13478e-15,0.0006181
34,6,0.0006181,5.13478e-15,0.0006181
35,6,0.0006181,5.13478e-15,0.0006181
36,6,0.0006181,5.13478e-15,0.0006181
37,6,0.0006181,5.13478e-15,0.0006181
38,6,0.0006181,5.13478e-15,0.0006181
39,6,0.0006181,5.13478e-15,0.0006181
40,6,0.0006181,5.13478e-15,0.0006181
41,6,0.0006181,5.13478e-15,0.0006181
42,6,0.0006181,5.13478e-15,0.0006181
43,6,0.0006181,5.13478e-15,0.0006181
44,6,0.0006181,5.13478e-15,0.0006181
45,6,0.0006181,5.13478e-15,0.0006181
46,6,0.0006181,5.13478e-15,0.0006181
47,6,0.0006181,5.13478e-15,0.0006181
48,6,0.0006181,5.13478e-15,0.0006181
49,6,0.0006181,5.13478e-15,0.0006181
50,6,0.0006181,5.13478e-15,0.0006181
51,6,0.0006181,5.13478e-15,0.0006181
52,6,0.0006181,5.13478e-15,0.0006181
53,6,0.0006181,5.13478e-15,0.0006181
54,6,0.0006181,5.13478e-15,0.0006181
55,6,0.0006181,5.13478e-15,0.0006181
56,6,0.0006181,5.13478e-15,0.0006181
57,6,0.0006181,5.13478e-15,0.0006181
58,6,0.0006181,5.13478e-15,0.0006181
59,6,0.0006181,5.13478e-15,0.0006181
60,6,0.0006181,5.13478e-15,0.0006181
61,6,0.0006181,5.13478e-15,0.0006181
62,6,0.0006181,5.13478e-15,0.0006181
63,6,0.0006181,5.13478e-15,0.0006181
64,6,0.0006181,5.13478e-15,0.0006181
65,6,0.0006181,5.13478e-15,0.0006181
66,6,0.0006181,5.13478e-15,0.0006181
67,6,0.0006181,5.13478e-15,0.0006181
68,6,0.0006181,5.13478e-15,0.0006181
69,6,0.0006181,5.13478e-15,0.0006181
70,6,0.0006181,5.13478e-15,0.0006181
71,6,0.0006181,5.13478e-15,0.0006181
72,6,0.0006181,5.13478e-15,0.0006181
73,6,0.0006181,5.13478e-15,0.0006181
74,6,0.0006181,5.13478e-15,0.0006181
75,6,0.0006181,5.13478e-15,0.0006181
76,6,0.0006181,5.13478e-15,0.0006181
77,6,0.0006181,5.13478e-15,0.0006181
78,6,0.0006181,5.13478e-15,0.0006181
79,6,0.0006181,5.13478e-15,0.0006181
0,7,0.0006981,-4.60743e-15,0.0006981
1,7,0.0006981,-4.60743e-15,0.0006981
2,7,0.0006981,-4.60743e-15,0.0006981
3,7,0.0006981,-4.60743e-15,0.0006981
4,7,0.0006981,-4.60743e-15,0.0006981
5,7,0.0006981,-4.60743e-15,0.0006981
6,7,0.0006981,-4.60743e-15,0.0006981
7,7,0.0006981,-4.60743e-15,0.0006981
8,7,0.0006981,-4.60743e-15,0.0006981
9,7,0.0006981,-4.60743e-15,0.0006981
10,7,0.0006981,-4.60743e-15,0.0006981
11,7,0.0006981,-4.60743e-15,0.0006981
12,7,0.0006981,-4.60743e-15,0.0006981
13,7,0.0006981,-4.60743e-15,0.0006981
14,7,0.0006981,-4.60743e-15,0.0006981
15,7,0.0006981,-4.60743e-15,0.0006981
16,7,0.0006981,-4.60743e-15,0.0006981
17,7,0.0006981,-4.60743e-15,0.0006981
18,7,0.0006981,-4.60743e-15,0.0006981
19,7,0.0006981,-4.60743e-15,0.0006981
20,7,0.0006981,-4.60743e-15,0.0006981
21,7,0.0006981,-4.60743e-15,0.0006981
22,7,0.0006981,-4.60743e-15,0.0006981
23,7,0.0006981,-4.60743e-15,0.0006981
24,7,0.0006981,-4.60743e-15,0.0006981
25,7,0.0006981,-4.60743e-15,0.0006981
26,7,0.0006981,-4.60743e-15,0.0006981
27,7,0.0006981,-4.60743e-15,0.0006981
28,7,0.0006981,-4.60743e-15,0.0006981
29,7,0.0006981,-4.60743e-15,0.0006981
30,7,0.0006981,-4.60743e-15,0.0006981
31,7,0.0006981,-4.60743e-15,0.0006981
32,7,0.0006981,-4.60743e-15,0.0006981
33,7,0.0006981,-4.60743e-15,0.0006981
34,7,0.0006981,-4.60743e-15,0.0006981
35,7,0.0006981,-4.60743e-15,0.0006981
36,7,0.0006981,-4.60743e-15,0.0006981
37,7,0.0006981,-4.60743e-15,0.0006981
38,7,0.0006981,-4.60743e-15,0.0006981
39,7,0.0006981,-4.60743e-15,0.0006981
40,7,0.0006981,-4.60743e-15,0.0006981
41,7,0.0006981,-4.60743e-15,0.0006981
42,7,0.0006981,-4.60743e-15,0.0006981
43,7,0.0006981,-4.60743e-15,0.0006981
44,7,0.0006981,-4.60743e-15,0.0006981
45,7,0.0006981,-4.60743e-15,0.0006981
46,7,0.0006981,-4.60743e-15,0.0006981
47,7,0.0006981,-4.60743e-15,0.0006981
48,7,0.0006981,-4.60743e-15,0.0006981
49,7,0.0006981,-4.60743e-15,0.0006981
50,7,0.0006981,-4.60743e-15,0.0006981
51,7,0.0006981,-4.60743e-15,0.0006981
52,7,0.0006981,-4.60743e-15,0.0006981
53,7,0.0006981,-4.60743e-15,0.0006981
54,7,0.0006981,-4.60743e-15,0.0006981
55,7,0.0006981,-4.60743e-15,0.0006981
56,7,0.0006981,-4.60743e-15,0.0006981
57,7,0.0006981,-4.60743e-15,0.0006981
58,7,0.0006981,-4.60743e-15,0.0006981
59,7,0.0006981,-4.60743e-15,0.0006981
60,7,0.0006981,-4.60743e-15,0.0006981
61,7,0.0006981,-4.60743e-15,0.0006981
62,7,0.0006981,-4.60743e-15,0.0006981
63,7,0.0006981,-4.60743e-15,0.0006981
64,7,0.0006981,-4.60743e-15,0.0006981
65,7,0.0006981,-4.60743e-15,0.0006981
66,7,0.0006981,-4.60743e-15,0.0006981
67,7,0.0006981,-4.60743e-15,0.0006981
68,7,0.0006981,-4.60743e-15,0.0006981
69,7,0.0006981,-4.60743e-15,0.0006981
70,7,0.0006981,-4.60743e-15,0.0006981
71,7,0.0006981,-4.60743e-15,0.0006981
72,7,0.0006981,-4.60743e-15,0.0006981
73,7,0.0006981,-4.60743e-15,0.0006981
74,7,0.0006981,-4.60743e-15,0.0006981
75,7,0.0006981,-4.60743e-15,0.0006981
76,7,0.0006981,-4.60743e-15,0.0006981
77,7,0.0006981,-4.60743e-15,0.0006981
78,7,0.0006981,-4.60743e-15,0.0006981
79,7,0.0006981,-4.60743e-15,0.0006981
0,8,0.0007681,5.13131e-15,0.0007681
1,8,0.0007681,5.13131e-15,0.0007681
2,8,0.0007681,5.13131e-15,0.0007681
3,8,0.0007681,5.13131e-15,0.0007681
4,8,0.0007681,5.13131e-15,0.0007681
5,8,0.0007681,5.13131e-15,0.0007681
6,8,0.0007681,5.13131e-15,0.0007681
7,8,0.0007681,5.13131e-15,0.0007681
8,8,0.0007681,5.13131e-15,0.0007681
9,8,0.0007681,5.13131e-15,0.0007681
10,8,0.0007681,5.13131e-15,0.0007681
11,8,0.0007681,5.13131e-15,0.0007681
12,8,0.0007681,5.13131e-15,0.0007681
13,8,0.0007681,5.13131e-15,0.0007681
14,8,0.0007681,5.13131e-15,0.0007681
15,8,0.0007681,5.13131e-15,0.0007681
16,8,0.0007681,5.13131e-15,0.0007681
17,8,0.0007681,5.13131e-15,0.0007681
18,8,0.0007681,5.13131e-15,0.0007681
19,8,0.0007681,5.13131e-15,0.0007681
20,8,0.0007681,5.13131e-15,0.0007681
21,8,0.0007681,5.13131e-15,0.0007681
22,8,0.0007681,5.13131e-15,0.0007681
23,8,0.0007681,5.13131e-15,0.0007681
24,8,0.0007681,5.13131e-15,0.0007681
25,8,0.0007681,5.13131e-15,0.0007681
26,8,0.0007681,5.13131e-15,0.0007681
27,8,0.0007681,5.13131e-15,0.0007681
28,8,0.0007681,5.13131e-15,0.0007681
29,8,0.0007681,5.13131e-15,0.0007681
30,8,0.0007681,5.13131e-15,0.0007681
31,8,0.0007681,5.13131e-15,0.0007681
32,8,0.0007681,5.13131e-15,0.0007681
33,8,0.0007681,5.13131e-15,0.0007681
34,8,0.0007681,5.13131e-15,0.0007681
35,8,0.0007681,5.13131e-15,0.0007681
36,8,0.0007681,5.13131e-15,0.0007681
37,8,0.0007681,5.13131e-15,0.0007681
38,8,0.0007681,5.13131e-15,0.0007681
39,8,0.0007681,5.13131e-15,0.0007681
40,8,0.0007681,5.13131e-15,0.0007681
41,8,0.0007681,5.13131e-15,0.0007681
42,8,0.0007681,5.13131e-15,0.0007681
43,8,0.0007681,5.13131e-15,0.0007681
44,8,0.0007681,5.13131e-15,0.0007681
45,8,0.0007681,5.13131e-15,0.0007681
46,8,0.0007681,5.13131e-15,0.0007681
47,8,0.0007681,5.13131e-15,0.0007681
48,8,0.0007681,5.13131e-15,0.0007681
49,8,0.0007681,5.13131e-15,0.0007681
50,8,0.0007681,5.13131e-15,0.0007681
51,8,0.0007681,5.13131e-15,0.0007681
52,8,0.0007681,5.13131e-15,0.0007681
53,8,0.0007681,5.13131e-15,0.0007681
54,8,0.0007681,5.13131e-15,0.0007681
55,8,0.0007681,5.13131e-15,0.0007681
56,8,0.0007681,5.13131e-15,0.0007681
57,8,0.0007681,5.13131e-15,0.0007681
58,8,0.0007681,5.13131e-15,0.0007681
59,8,0.0007681,5.13131e-15,0.0007681
60,8,0.0007681,5.13131e-15,0.0007681
61,8,0.0007681,5.13131e-15,0.0007681
62,8,0.0007681,5.13131e-15,0.0007681
63,8,0.0007681,5.13131e-15,0.0007681
64,8,0.0007681,5.13131e-15,0.0007681
65,8,0.0007681,5.13131e-15,0.0007681
66,8,0.0007681,5.13131e-15,0.0007681
67,8,0.0007681,5.13131e-15,0.0007681
68,8,0.0007681,5.13131e-15,0.0007681
69,8,0.0007681,5.13131e-15,0.0007681
70,8,0.0007681,5.13131e-15,0.0007681
71,8,0.0007681,5.13131e-15,0.0007681
72,8,0.0007681,5.13131e-15,0.0007681
73,8,0.0007681,5.13131e-15,0.0007681
74,8,0.0007681,5.13131e-15,0.0007681
75,8,0.0007681,5.13131e-15,0.0007681
76,8,0.0007681,5.13131e-15,0.0007681
77,8,0.0007681,5.13131e-15,0.0007681
78,8,0.0007681,5.13131e-15,0.0007681
79,8,0.0007681,5.13131e-15,0.0007681
0,9,0.0008281,-4.59702e-15,0.0008281
1,9,0.0008281,-4.59702e-15,0.0008281
2,9,0.0008281,-4.59702e-15,0.0008281
3,9,0.0008281,-4.59702e-15,0.0008281
4,9,0.0008281,-4.59702e-15,0.0008281
5,9,0.0008281,-4.59702e-15,0.0008281
6,9,0.0008281,-4.59702e-15,0.0008281
7,9,0.0008281,-4.59702e-15,0.0008281
8,9,0.0008281,-4.59702e-15,0.0008281
9,9,0.0008281,-4.59702e-15,0.0008281
10,9,0.0008281,-4.59702e-15,0.0008281
11,9,0.0008281,-4.59702e-15,0.0008281
12,9,0.0008281,-4.59702e-15,0.0008281
13,9,0.0008281,-4.59702e-15,0.0008281
14,9,0.0008281,-4.59702e-15,0.0008281
15,9,0.0008281,-4.59702e-15,0.0008281
16,9,0.0008281,-4.59702e-15,0.0008281
17,9,0.0008281,-4.59702e-15,0.0008281
18,9,0.0008281,-4.59702e-15,0.0008281
19,9,0.0008281,-4.59702e-15,0.0008281
20,9,0.0008281,-4.59702e-15,0.0008281
21,9,0.0008281,-4.59702e-15,0.0008281
22,9,0.0008281,-4.59702e-15,0.0008281
23,9,0.0008281,-4.59702e-15,0.0008281
24,9,0.0008281,-4.59702e-15,0.0008281
25,9,0.0008281,-4.59702e-15,0.0008281
26,9,0.0008281,-4.59702e-15,0.0008281
27,9,0.0008281,-4.59702e-15,0.0008281
28,9,0.0008281,-4.59702e-15,0.0008281
29,9,0.0008281,-4.59702e-15,0.0008281
30,9,0.0008281,-4.59702e-15,0.0008281
31,9,0.0008281,-4.59702e-15,0.0008281
32,9,0.0008281,-4.59702e-15,0.0008281
33,9,0.0008281,-4.59702e-15,0.0008281
34,9,0.0008281,-4.59702e-15,0.0008281
35,9,0.0008281,-4.59702e-15,0.0008281
36,9,0.0008281,-4.59702e-15,0.0008281
37,9,0.0008281,-4.59702e-15,0.0008281
38,9,0.0008281,-4.59702e-15,0.0008281
39,9,0.0008281,-4.59702e-15,0.0008281
40,9,0.0008281,-4.59702e-15,0.0008281
41,9,0.0008281,-4.59702e-15,0.0008281
42,9,0.0008281,-4.59702e-15,0.0008281
43,9,0.0008281,-4.59702e-15,0.0008281
44,9,0.0008281,-4.59702e-15,0.0008281
45,9,0.0008281,-4.59702e-15,0.0008281
46,9,0.0008281,-4.59702e-15,0.0008281
47,9,0.0008281,-4.59702e-15,0.0008281
48,9,0.0008281,-4.59702e-15,0.0008281
49,9,0.0008281,-4.59702e-15,0.0008281
50,9,0.0008281,-4.59702e-15,0.0008281
51,9,0.0008281,-4.59702e-15,0.0008281
52,9,0.0008281,-4.59702e-15,0.0008281
53,9,0.0008281,-4.59702e-15,0.0008281
54,9,0.0008281,-4.59702e-15,0.0008281
55,9,0.0008281,-4.59702e-15,0.0008281
56,9,0.0008281,-4.59702e-15,0.0008281
57,9,0.0008281,-4.59702e-15,0.0008281
58,9,0.0008281,-4.59702e-15,0.0008281
59,9,0.0008281,-4.59702e-15,0.0008281
60,9,0.0008281,-4.59702e-15,0.0008281
61,9,0.0008281,-4.59702e-15,0.0008281
62,9,0.0008281,-4.59702e-15,0.0008281
63,9,0.0008281,-4.59702e-15,0.0008281
64,9,0.0008281,-4.59702e-15,0.0008281
65,9,0.0008281,-4.59702e-15,0.0008281
66,9,0.0008281,-4.59702e-15,0.0008281
67,9,0.0008281,-4.59702e-15,0.0008281
68,9,0.0008281,-4.59702e-15,0.0008281
69,9,0.0008281,-4.59702e-15,0.0008281
70,9,0.0008281,-4.59702e-15,0.0008281
71,9,0.0008281,-4.59702e-15,0.0008281
72,9,0.0008281,-4.59702e-15,0.0008281
73,9,0.0008281,-4.59702e-15,0.0008281
74,9,0.0008281,-4.59702e-15,0.0008281
75,9,0.0008281,-4.59702e-15,0.0008281
76,9,0.0008281,-4.59702e-15,0.0008281
77,9,0.0008281,-4.59702e-15,0.0008281
78,9,0.0008281,-4.59702e-15,0.0008281
79,9,0.0008281,-4.59702e-15,0.0008281
0,10,0.0008781,5.13478e-15,0.0008781
1,10,0.0008781,5.13478e-15,0.0008781
2,10,0.0008781,5.13478e-15,0.0008781
3,10,0.0008781,5.13478e-15,0.0008781
4,10,0.0008781,5.13478e-15,0.0008781
5,10,0.0008781,5.13478e-15,0.0008781
6,10,0.0008781,5.13478e-15,0.0008781
7,10,0.0008781,5.13478e-15,0.0008781
8,10,0.0008781,5.13478e-15,0.0008781
9,10,0.0008781,5.13478e-15,0.0008781
10,10,0.0008781,5.13478e-15,0.0008781
11,10,0.0008781,5.13478e-15,0.0008781
12,10,0.0008781,5.13478e-15,0.0008781
13,10,0.0008781,5.13478e-15,0.0008781
14,10,0.0008781,5.13478e-15,0.0008781
15,10,0.0008781,5.13478e-15,0.0008781
16,10,0.0008781,5.13478e-15,0.0008781
17,10,0.0008781,5.13478e-15,0.0008781
18,10,0.0008781,5.13478e-15,0.0008781
19,10,0.0008781,5.13478e-15,0.0008781
20,10,0.0008781,5.13478e-15,0.0008781
21,10,0.0008781,5.13478e-15,0.0008781
22,10,0.0008781,5.13478e-15,0.0008781
23,10,0.0008781,5.13478e-15,0.0008781
24,10,0.0008781,5.13478e-15,0.0008781
25,10,0.0008781,5.13478e-15,0.0008781
26,10,0.0008781,5.13478e-15,0.0008781
27,10,0.0008781,5.13478e-15,0.0008781
28,10,0.0008781,5.13478e-15,0.0008781
29,10,0.0008781,5.13478e-15,0.0008781
30,10,0.0008781,5.13478e-15,0.0008781
31,10,0.0008781,5.13478e-15,0.0008781
32,10,0.0008781,5.13478e-15,0.0008781
33,10,0.0008781,5.13478e-15,0.0008781
34,10,0.0008781,5.13478e-15,0.0008781
35,10,0.0008781,5.13478e-15,0.0008781
36,10,0.0008781,5.13478e-15,0.0008781
37,10,0.0008781,5.13478e-15,0.0008781
38,10,0.0008781,5.13478e-15,0.0008781
39,10,0.0008781,5.13478e-15,0.0008781
40,10,0.0008781,5.13478e-15,0.0008781
41,10,0.0008781,5.13478e-15,0.0008781
42,10,0.0008781,5.13478e-15,0.0008781
43,10,0.0008781,5.13478e-15,0.0008781
44,10,0.0008781,5.13478e-15,0.0008781
45,10,0.0008781,5.13478e-15,0.0008781
46,10,0.0008781,5.13478e-15,0.0008781
47,10,0.0008781,5.13478e-15,0.0008781
48,10,0.0008781,5.13478e-15,0.0008781
49,10,0.0008781,5.13478e-15,0.0008781
50,10,0.0008781,5.13478e-15,0.0008781
51,10,0.0008781,5.13478e-15,0.0008781
52,10,0.0008781,5.13478e-15,0.0008781
53,10,0.0008781,5.13478e-15,0.0008781
54,10,0.0008781,5.13478e-15,0.0008781
55,10,0.0008781,5.13478e-15,0.0008781
56,10,0.0008781,5.13478e-15,0.0008781
57,10,0.0008781,5.13478e-15,0.0008781
58,10,0.0008781,5.13478e-15,0.0008781
59,10,0.0008781,5.13478e-15,0.0008781
60,10,0.0008781,5.13478e-15,0.0008781
61,10,0.0008781,5.13478e-15,0.0008781
62,10,0.0008781,5.13478e-15,0.0008781
63,10,0.0008781,5.13478e-15,0.0008781
64,10,0.0008781,5.13478e-15,0.0008781
65,10,0.0008781,5.13478e-15,0.0008781
66,10,0.0008781,5.13478e-15,0.0008781
67,10,0.0008781,5.13478e-15,0.0008781
68,10,0.0008781,5.13478e-15,0.0008781
69,10,0.0008781,5.13478e-15,0.0008781
70,10,0.0008781,5.13478e-15,0.0008781
71,10,0.0008781,5.13478e-15,0.0008781
72,10,0.0008781,5.13478e-15,0.0008781
73,10,0.0008781,5.13478e-15,0.0008781
74,10,0.0008781,5.13478e-15,0.0008781
75,10,0.0008781,5.13478e-15,0.0008781
76,10,0.0008781,5.13478e-15,0.0008781
77,10,0.0008781,5.13478e-15,0.0008781
78,10,0.0008781,5.13478e-15,0.0008781
79,10,0.0008781,5.13478e-15,0.0008781
0,11,0.0009181,-4.30905e-15,0.0009181
1,11,0.0009181,-4.30905e-15,0.0009181
2,11,0.0009181,-4.30905e-15,0.0009181
3,11,0.0009181,-4.30905e-15,0.0009181
4,11,0.0009181,-4.30905e-15,0.0009181
5,11,0.0009181,-4.30905e-15,0.0009181
6,11,0.0009181,-4.30905e-15,0.0009181
7,11,0.0009181,-4.30905e-15,0.0009181
8,11,0.0009181,-4.30905e-15,0.0009181
9,11,0.0009181,-4.30905e-15,0.0009181
10,11,0.0009181,-4.30905e-15,0.0009181
11,11,0.0009181,-4.30905e-15,0.0009181
12,11,0.0009181,-4.30905e-15,0.0009181
13,11,0.0009181,-4.30905e-15,0.0009181
14,11,0.0009181,-4.30905e-15,0.0009181
15,11,0.0009181,-4.30905e-15,0.0009181
16,11,0.0009181,-4.30905e-15,0.0009181
17,11,0.0009181,-4.30905e-15,0.0009181
18,11,0.0009181,-4.30905e-15,0.0009181
19,11,0.0009181,-4.30905e-15,0.0009181
20,11,0.0009181,-4.30905e-15,0.0009181
21,11,0.0009181,-4.30905e-15,0.0009181
22,11,0.0009181,-4.30905e-15,0.0009181
23,11,0.0009181,-4.30905e-15,0.0009181
24,11,0.0009181,-4.30905e-15,0.0009181
25,11,0.0009181,-4.30905e-15,0.0009181
26,11,0.0009181,-4.30905e-15,0.0009181
27,11,0.0009181,-4.30905e-15,0.0009181
28,11,0.0009181,-4.30905e-15,0.0009181
29,11,0.0009181,-4.30905e-15,0.0009181
30,11,0.0009181,-4.30905e-15,0.0009181
31,11,0.0009181,-4.30905e-15,0.0009181
32,11,0.0009181,-4.30905e-15,0.0009181
33,11,0.0009181,-4.30905e-15,0.0009181
34,11,0.0009181,-4.30905e-15,0.0009181
35,11,0.0009181,-4.30905e-15,0.0009181
36,11,0.0009181,-4.30905e-15,0.0009181
37,11,0.0009181,-4.30905e-15,0.0009181
38,11,0.0009181,-4.30905e-15,0.0009181
39,11,0.0009181,-4.30905e-15,0.0009181
40,11,0.0009181,-4.30905e-15,0.0009181
41,11,0.0009181,-4.30905e-15,0.0009181
42,11,0.0009181,-4.30905e-15,0.0009181
43,11,0.0009181,-4.30905e-15,0.0009181
44,11,0.0009181,-4.30905e-15,0.0009181
45,11,0.0009181,-4.30905e-15,0.0009181
46,11,0.0009181,-4.30905e-15,0.0009181
47,11,0.0009181,-4.30905e-15,0.0009181
48,11,0.0009181,-4.30905e-15,0.0009181
49,11,0.0009181,-4.30905e-15,0.0009181
50,11,0.0009181,-4.30905e-15,0.0009181
51,11,0.0009181,-4.30905e-15,0.0009181
52,11,0.0009181,-4.30905e-15,0.0009181
53,11,0.0009181,-4.30905e-15,0.0009181
54,11,0.0009181,-4.30905e-15,0.0009181
55,11,0.0009181,-4.30905e-15,0.0009181
56,11,0.0009181,-4.30905e-15,0.0009181
57,11,0.0009181,-4.30905e-15,0.0009181
58,11,0.0009181,-4.30905e-15,0.0009181
59,11,0.0009181,-4.30905e-15,0.0009181
60,11,0.0009181,-4.30905e-15,0.0009181
61,11,0.0009181,-4.30905e-15,0.0009181
62,11,0.0009181,-4.30905e-15,0.0009181
63,11,0.0009181,-4.30905e-15,0.0009181
64,11,0.0009181,-4.30905e-15,0.0009181
65,11,0.0009181,-4.30905e-15,0.0009181
66,11,0.0009181,-4.30905e-15,0.0009181
67,11,0.0009181,-4.30905e-15,0.0009181
68,11,0.0009181,-4.30905e-15,0.0009181
69,11,0.0009181,-4.30905e-15,0.0009181
70,11,0.0009181,-4.30905e-15,0.0009181
71,11,0.0009181,-4.30905e-15,0.0009181
72,11,0.0009181,-4.30905e-15,0.0009181
73,11,0.0009181,-4.30905e-15,0.0009181
74,11,0.0009181,-4.30905e-15,0.0009181
75,11,0.0009181,-4.30905e-15,0.0009181
76,11,0.0009181,-4.30905e-15,0.0009181
77,11,0.0009181,-4.30905e-15,0.0009181
78,11,0.0009181,-4.30905e-15,0.0009181
79,11,0.0009181,-4.30905e-15,0.0009181
0,12,0.0009481,5.40193e-15,0.0009481
1,12,0.0009481,5.40193e-15,0.0009481
2,12,0.0009481,5.40193e-15,0.0009481
3,12,0.0009481,5.40193e-15,0.0009481
4,12,0.0009481,5.40193e-15,0.0009481
5,12,0.0009481,5.40193e-15,0.0009481
6,12,0.0009481,5.40193e-15,0.0009481
7,12,0.0009481,5.40193e-15,0.0009481
8,12,0.0009481,5.40193e-15,0.0009481
9,12,0.0009481,5.40193e-15,0.0009481
10,12,0.0009481,5.40193e-15,0.0009481
11,12,0.0009481,5.40193e-15,0.0009481
12,12,0.0009481,5.40193e-15,0.0009481
13,12,0.0009481,5.40193e-15,0.0009481
14,12,0.0009481,5.40193e-15,0.0009481
15,12,0.0009481,5.40193e-15,0.0009481
16,12,0.0009481,5.40193e-15,0.0009481
17,12,0.0009481,5.40193e-15,0.0009481
18,12,0.0009481,5.40193e-15,0.0009481
19,12,0.0009481,5.40193e-15,0.0009481
20,12,0.0009481,5.40193e-15,0.0009481
21,12,0.0009481,5.40193e-15,0.0009481
22,12,0.0009481,5.40193e-15,0.0009481
23,12,0.0009481,5.40193e-15,0.0009481
24,12,0.0009481,5.40193e-15,0.0009481
25,12,0.0009481,5.40193e-15,0.0009481
26,12,0.0009481,5.40193e-15,0.0009481
27,12,0.0009481,5.40193e-15,0.0009481
28,12,0.0009481,5.40193e-15,0.0009481
29,12,0.0009481,5.40193e-15,0.0009481
30,12,0.0009481,5.40193e-15,0.0009481
31,12,0.0009481,5.40193e-15,0.0009481
32,12,0.0009481,5.40193e-15,0.0009481
33,12,0.0009481,5.40193e-15,0.0009481
34,12,0.0009481,5.40193e-15,0.0009481
35,12,0.0009481,5.40193e-15,0.0009481
36,12,0.0009481,5.40193e-15,0.0009481
37,12,0.0009481,5.40193e-15,0.0009481
38,12,0.0009481,5.40193e-15,0.0009481
39,12,0.0009481,5.40193e-15,0.0009481
40,12,0.0009481,5.40193e-15,0.0009481
41,12,0.0009481,5.40193e-15,0.0009481
42,12,0.0009481,5.40193e-15,0.0009481
43,12,0.0009481,5.40193e-15,0.0009481
44,12,0.0009481,5.40193e-15,0.0009481
45,12,0.0009481,5.40193e-15,0.0009481
46,12,0.0009481,5.40193e-15,0.0009481
47,12,0.0009481,5.40193e-15,0.0009481
48,12,0.0009481,5.40193e-15,0.0009481
49,12,0.0009481,5.40193e-15,0.0009481
50,12,0.0009481,5.40193e-15,0.0009481
51,12,0.0009481,5.40193e-15,0.0009481
52,12,0.0009481,5.40193e-15,0.0009481
53,12,0.0009481,5.40193e-15,0.0009481
54,12,0.0009481,5.40193e-15,0.0009481
55,12,0.0009481,5.40193e-15,0.0009481
56,12,0.0009481,5.40193e-15,0.0009481
57,12,0.0009481,5.40193e-15,0.0009481
58,12,0.0009481,5.40193e-15,0.0009481
59,12,0.0009481,5.40193e-15,0.0009481
60,12,0.0009481,5.40193e-15,0.0009481
61,12,0.0009481,5.40193e-15,0.0009481
62,12,0.0009481,5.40193e-15,0.0009481
63,12,0.0009481,5.40193e-15,0.0009481
64,12,0.0009481,5.40193e-15,0.0009481
65,12,0.0009481,5.40193e-15,0.0009481
66,12,0.0009481,5.40193e-15,0.0009481
67,12,0.0009481,5.40193e-15,0.0009481
68,12,0.0009481,5.40193e-15,0.0009481
69,12,0.0009481,5.40193e-15,0.0009481
70,12,0.0009481,5.40193e-15,0.0009481
71,12,0.0009481,5.40193e-15,0.0009481
72,12,0.0009481,5.40193e-15,0.0009481
73,12,0.0009481,5.40193e-15,0.0009481
74,12,0.0009481,5.40193e-15,0.0009481
75,12,0.0009481,5.40193e-15,0.0009481
76,12,0.0009481,5.40193e-15,0.0009481
77,12,0.0009481,5.40193e-15,0.0009481
78,12,0.0009481,5.40193e-15,0.0009481
79,12,0.0009481,5.40193e-15,0.0009481
0,13,0.0009681,-4.2813e-15,0.0009681
1,13,0.0009681,-4.2813e-15,0.0009681
2,13,0.0009681,-4.2813e-15,0.0009681
3,13,0.0009681,-4.2813e-15,0.0009681
4,13,0.0009681,-4.2813e-15,0.0009681
5,13,0.0009681,-4.2813e-15,0.0009681
6,13,0.0009681,-4.2813e-15,0.0009681
7,13,0.0009681,-4.2813e-15,0.0009681
8,13,0.0009681,-4.2813e-15,0.0009681
9,13,0.0009681,-4.2813e-15,0.0009681
10,13,0.0009681,-4.2813e-15,0.0009681
11,13,0.0009681,-4.2813e-15,0.0009681
12,13,0.0009681,-4.2813e-15,0.0009681
13,13,0.0009681,-4.2813e-15,0.0009681
14,13,0.0009681,-4.2813e-15,0.0009681
15,13,0.0009681,-4.2813e-15,0.0009681
16,13,0.0009681,-4.2813e-15,0.0009681
17,13,0.0009681,-4.2813e-15,0.0009681
18,13,0.0009681,-4.2813e-15,0.0009681
19,13,0.0009681,-4.2813e-15,0.0009681
20,13,0.0009681,-4.2813e-15,0.0009681
21,13,0.0009681,-4.2813e-15,0.0009681
22,13,0.0009681,-4.2813e-15,0.0009681
23,13,0.0009681,-4.2813e-15,0.0009681
24,13,0.0009681,-4.2813e-15,0.0009681
25,13,0.0009681,-4.2813e-15,0.0009681
26,13,0.0009681,-4.2813e-15,0.0009681
27,13,0.0009681,-4.2813e-15,0.0009681
28,13,0.0009681,-4.2813e-15,0.0009681
29,13,0.0009681,-4.2813e-15,0.0009681
30,13,0.0009681,-4.2813e-15,0.0009681
31,13,0.0009681,-4.2813e-15,0.0009681
32,13,0.0009681,-4.2813e-15,0.0009681
33,13,0.0009681,-4.2813e-15,0.0009681
34,13,0.0009681,-4.2813e-15,0.0009681
35,13,0.0009681,-4.2813e-15,0.0009681
36,13,0.0009681,-4.2813e-15,0.0009681
37,13,0.0009681,-4.2813e-15,0.0009681
38,13,0.0009681,-4.2813e-15,0.0009681
39,13,0.0009681,-4.2813e-15,0.0009681
40,13,0.0009681,-4.2813e-15,0.0009681
41,13,0.0009681,-4.2813e-15,0.0009681
42,13,0.0009681,-4.2813e-15,0.0009681
43,13,0.0009681,-4.2813e-15,0.0009681
44,13,0.0009681,-4.2813e-15,0.0009681
45,13,0.0009681,-4.2813e-15,0.0009681
46,13,0.0009681,-4.2813e-15,0.0009681
47,13,0.0009681,-4.2813e-15,0.0009681
48,13,0.0009681,-4.2813e-15,0.0009681
49,13,0.0009681,-4.2813e-15,0.0009681
50,13,0.0009681,-4.2813e-15,0.0009681
51,13,0.0009681,-4.2813e-15,0.0009681
52,13,0.0009681,-4.2813e-15,0.0009681
53,13,0.0009681,-4.2813e-15,0.0009681
54,13,0.0009681,-4.2813e-15,0.0009681
55,13,0.0009681,-4.2813e-15,0.0009681
56,13,0.0009681,-4.2813e-15,0.0009681
57,13,0.0009681,-4.2813e-15,0.0009681
58,13,0.0009681,-4.2813e-15,0.0009681
59,13,0.0009681,-4.2813e-15,0.0009681
60,13,0.0009681,-4.2813e-15,0.0009681
61,13,0.0009681,-4.2813e-15,0.0009681
62,13,0.0009681,-4.2813e-15,0.0009681
63,13,0.0009681,-4.2813e-15,0.0009681
64,13,0.0009681,-4.2813e-15,0.0009681
65,13,0.0009681,-4.2813e-15,0.0009681
66,13,0.0009681,-4.2813e-15,0.0009681
67,13,0.0009681,-4.2813e-15,0.0009681
68,13,0.0009681,-4.2813e-15,0.0009681
69,13,0.0009681,-4.2813e-15,0.0009681
70,13,0.0009681,-4.2813e-15,0.0009681
71,13,0.0009681,-4.2813e-15,0.0009681
72,13,0.0009681,-4.2813e-15,0.0009681
73,13,0.0009681,-4.2813e-15,0.0009681
74,13,0.0009681,-4.2813e-15,0.0009681
75,13,0.0009681,-4.2813e-15,0.0009681
76,13,0.0009681,-4.2813e-15,0.0009681
77,13,0.0009681,-4.2813e-15,0.0009681
78,13,0.0009681,-4.2813e-15,0.0009681
79,13,0.0009681,-4.2813e-15,0.0009681
0,14,0.0009781,5.50948e-15,0.0009781
1,14,0.0009781,5.50948e-15,0.0009781
2,14,0.0009781,5.50948e-15,0.0009781
3,14,0.0009781,5.50948e-15,0.0009781
4,14,0.0009781,5.50948e-15,0.0009781
5,14,0.0009781,5.50948e-15,0.0009781
6,14,0.0009781,5.50948e-15,0.0009781
7,14,0.0009781,5.50948e-15,0.0009781
8,14,0.0009781,5.50948e-15,0.0009781
9,14,0.0009781,5.50948e-15,0.0009781
10,14,0.0009781,5.50948e-15,0.0009781
11,14,0.0009781,5.50948e-15,0.0009781
12,14,0.0009781,5.50948e-15,0.0009781
13,14,0.0009781,5.50948e-15,0.0009781
14,14,0.0009781,5.50948e-15,0.0009781
15,14,0.0009781,5.50948e-15,0.0009781
16,14,0.0009781,5.50948e-15,0.0009781
17,14,0.0009781,5.50948e-15,0.0009781
18,14,0.0009781,5.50948e-15,0.0009781
19,14,0.0009781,5.50948e-15,0.0009781
20,14,0.0009781,5.50948e-15,0.0009781
21,14,0.0009781,5.50948e-15,0.0009781
22,14,0.0009781,5.50948e-15,0.0009781
23,14,0.0009781,5.50948e-15,0.0009781
24,14,0.0009781,5.50948e-15,0.0009781
25,14,0.0009781,5.50948e-15,0.0009781
26,14,0.0009781,5.50948e-15,0.0009781
27,14,0.0009781,5.50948e-15,0.0009781
28,14,0.0009781,5.50948e-15,0.0009781
29,14,0.0009781,5.50948e-15,0.0009781
30,14,0.0009781,5.50948e-15,0.0009781
31,14,0.0009781,5.50948e-15,0.0009781
32,14,0.0009781,5.50948e-15,0.0009781
33,14,0.0009781,5.50948e-15,0.0009781
34,14,0.0009781,5.50948e-15,0.0009781
35,14,0.0009781,5.50948e-15,0.0009781
36,14,0.0009781,5.50948e-15,0.0009781
37,14,0.0009781,5.50948e-15,0.0009781
38,14,0.0009781,5.50948e-15,0.0009781
39,14,0.0009781,5.50948e-15,0.0009781
40,14,0.0009781,5.50948e-15,0.0009781
41,14,0.0009781,5.50948e-15,0.0009781
42,14,0.0009781,5.50948e-15,0.0009781
43,14,0.0009781,5.50948e-15,0.0009781
44,14,0.0009781,5.50948e-15,0.0009781
45,14,0.0009781,5.50948e-15,0.0009781
46,14,0.0009781,5.50948e-15,0.0009781
47,14,0.0009781,5.50948e-15,0.0009781
48,14,0.0009781,5.50948e-15,0.0009781
49,14,0.0009781,5.50948e-15,0.0009781
50,14,0.0009781,5.50948e-15,0.0009781
51,14,0.0009781,5.50948e-15,0.0009781
52,14,0.0009781,5.50948e-15,0.0009781
53,14,0.0009781,5.50948e-15,0.0009781
54,14,0.0009781,5.50948e-15,0.0009781
55,14,0.0009781,5.50948e-15,0.0009781
56,14,0.0009781,5.50948e-15,0.0009781
57,14,0.0009781,5.50948e-15,0.0009781
58,14,0.0009781,5.50948e-15,0.0009781
59,14,0.0009781,5.50948e-15,0.0009781
60,14,0.0009781,5.50948e-15,0.0009781
61,14,0.0009781,5.50948e-15,0.0009781
62,14,0.0009781,5.50948e-15,0.0009781
63,14,0.0009781,5.50948e-15,0.0009781
64,14,0.0009781,5.50948e-15,0.0009781
65,14,0.0009781,5.50948e-15,0.0009781
66,14,0.0009781,5.50948e-15,0.0009781
67,14,0.0009781,5.50948e-15,0.0009781
68,14,0.0009781,5.50948e-15,0.0009781
69,14,0.0009781,5.50948e-15,0.0009781
70,14,0.0009781,5.50948e-15,0.0009781
71,14,0.0009781,5.50948e-15,0.0009781
72,14,0.0009781,5.50948e-15,0.0009781
73,14,0.0009781,5.50948e-15,0.0009781
74,14,0.0009781,5.50948e-15,0.0009781
75,14,0.0009781,5.50948e-15,0.0009781
76,14,0.0009781,5.50948e-15,0.0009781
77,14,0.0009781,5.50948e-15,0.0009781
78,14,0.0009781,5.50948e-15,0.0009781
79,14,0.0009781,5.50948e-15,0.0009781
0,15,0.0009781,-4.48946e-15,0.0009781
1,15,0.0009781,-4.48946e-15,0.0009781
2,15,0.0009781,-4.48946e-15,0.0009781
3,15,0.0009781,-4.48946e-15,0.0009781
4,15,0.0009781,-4.48946e-15,0.0009781
5,15,0.0009781,-4.48946e-15,0.0009781
6,15,0.0009781,-4.48946e-15,0.0009781
7,15,0.0009781,-4.48946e-15,0.0009781
8,15,0.0009781,-4.48946e-15,0.0009781
9,15,0.0009781,-4.48946e-15,0.0009781
10,15,0.0009781,-4.48946e-15,0.0009781
11,15,0.0009781,-4.48946e-15,0.0009781
12,15,0.0009781,-4.48946e-15,0.0009781
13,15,0.0009781,-4.48946e-15,0.0009781
14,15,0.0009781,-4.48946e-15,0.0009781
15,15,0.0009781,-4.48946e-15,0.0009781
16,15,0.0009781,-4.48946e-15,0.0009781
17,15,0.0009781,-4.48946e-15,0.0009781
18,15,0.0009781,-4.48946e-15,0.0009781
19,15,0.0009781,-4.48946e-15,0.0009781
20,15,0.0009781,-4.48946e-15,0.0009781
21,15,0.0009781,-4.48946e-15,0.0009781
22,15,0.0009781,-4.48946e-15,0.0009781
23,15,0.0009781,-4.48946e-15,0.0009781
24,15,0.0009781,-4.48946e-15,0.0009781
25,15,0.0009781,-4.48946e-15,0.0009781
26,15,0.0009781,-4.48946e-15,0.0009781
27,15,0.0009781,-4.48946e-15,0.0009781
28,15,0.0009781,-4.48946e-15,0.0009781
29,15,0.0009781,-4.48946e-15,0.0009781
30,15,0.0009781,-4.48946e-15,0.0009781
31,15,0.0009781,-4.48946e-15,0.0009781
32,15,0.0009781,-4.48946e-15,0.0009781
33,15,0.0009781,-4.48946e-15,0.0009781
34,15,0.0009781,-4.48946e-15,0.0009781
35,15,0.0009781,-4.48946e-15,0.0009781
36,15,0.0009781,-4.48946e-15,0.0009781
37,15,0.0009781,-4.48946e-15,0.0009781
38,15,0.0009781,-4.48946e-15,0.0009781
39,15,0.0009781,-4.48946e-15,0.0009781
40,15,0.0009781,-4.48946e-15,0.0009781
41,15,0.0009781,-4.48946e-15,0.0009781
42,15,0.0009781,-4.48946e-15,0.0009781
43,15,0.0009781,-4.48946e-15,0.0009781
44,15,0.0009781,-4.48946e-15,0.0009781
45,15,0.0009781,-4.48946e-15,0.0009781
46,15,0.0009781,-4.48946e-15,0.0009781
47,15,0.0009781,-4.48946e-15,0.0009781
48,15,0.0009781,-4.48946e-15,0.0009781
49,15,0.0009781,-4.48946e-15,0.0009781
50,15,0.0009781,-4.48946e-15,0.0009781
51,15,0.0009781,-4.48946e-15,0.0009781
52,15,0.0009781,-4.48946e-15,0.0009781
53,15,0.0009781,-4.48946e-15,0.0009781
54,15,0.0009781,-4.48946e-15,0.0009781
55,15,0.0009781,-4.48946e-15,0.0009781
56,15,0.0009781,-4.48946e-15,0.0009781
57,15,0.0009781,-4.48946e-15,0.0009781
58,15,0.0009781,-4.48946e-15,0.0009781
59,15,0.0009781,-4.48946e-15,0.0009781
60,15,0.0009781,-4.48946e-15,0.0009781
61,15,0.0009781,-4.48946e-15,0.0009781
62,15,0.0009781,-4.48946e-15,0.0009781
63,15,0.0009781,-4.48946e-15,0.0009781
64,15,0.0009781,-4.48946e-15,0.0009781
65,15,0.0009781,-4.48946e-15,0.0009781
66,15,0.0009781,-4.48946e-15,0.0009781
67,15,0.0009781,-4.48946e-15,0.0009781
68,15,0.0009781,-4.48946e-15,0.0009781
69,15,0.0009781,-4.48946e-15,0.0009781
70,15,0.0009781,-4.48946e-15,0.0009781
71,15,0.0009781,-4.48946e-15,0.0009781
72,15,0.0009781,-4.48946e-15,0.0009781
73,15,0.0009781,-4.48946e-15,0.0009781
74,15,0.0009781,-4.48946e-15,0.0009781
75,15,0.0009781,-4.48946e-15,0.0009781
76,15,0.0009781,-4.48946e-15,0.0009781
77,15,0.0009781,-4.48946e-15,0.0009781
78,15,0.0009781,-4.48946e-15,0.0009781
79,15,0.0009781,-4.48946e-15,0.0009781
0,16,0.0009681,5.22499e-15,0.0009681
1,16,0.0009681,5.22499e-15,0.0009681
2,16,0.0009681,5.22499e-15,0.0009681
3,16,0.0009681,5.22499e-15,0.0009681
4,16,0.0009681,5.22499e-15,0.0009681
5,16,0.0009681,5.22499e-15,0.0009681
6,16,0.0009681,5.22499e-15,0.0009681
7,16,0.0009681,5.22499e-15,0.0009681
8,16,0.0009681,5.22499e-15,0.0009681
9,16,0.0009681,5.22499e-15,0.0009681
10,16,0.0009681,5.22499e-15,0.0009681
11,16,0.0009681,5.22499e-15,0.0009681
12,16,0.0009681,5.22499e-15,0.0009681
13,16,0.0009681,5.22499e-15,0.0009681
14,16,0.0009681,5.22499e-15,0.0009681
15,16,0.0009681,5.22499e-15,0.0009681
16,16,0.0009681,5.22499e-15,0.0009681
17,16,0.0009681,5.22499e-15,0.0009681
18,16,0.0009681,5.22499e-15,0.0009681
19,16,0.0009681,5.22499e-15,0.0009681
20,16,0.0009681,5.22499e-15,0.0009681
21,16,0.0009681,5.22499e-15,0.0009681
22,16,0.0009681,5.22499e-15,0.0009681
23,16,0.0009681,5.22499e-15,0.0009681
24,16,0.0009681,5.22499e-15,0.0009681
25,16,0.0009681,5.22499e-15,0.0009681
26,16,0.0009681,5.22499e-15,0.0009681
27,16,0.0009681,5.22499e-15,0.0009681
28,16,0.0009681,5.22499e-15,0.0009681
29,16,0.0009681,5.22499e-15,0.0009681
30,16,0.0009681,5.22499e-15,0.0009681
31,16,0.0009681,5.22499e-15,0.0009681
32,16,0.0009681,5.22499e-15,0.0009681
33,16,0.0009681,5.22499e-15,0.0009681
34,16,0.0009681,5.22499e-15,0.0009681
35,16,0.0009681,5.22499e-15,0.0009681
36,16,0.0009681,5.22499e-15,0.0009681
37,16,0.0009681,5.22499e-15,0.0009681
38,16,0.0009681,5.22499e-15,0.0009681
39,16,0.0009681,5.22499e-15,0.0009681
40,16,0.0009681,5.22499e-15,0.0009681
41,16,0.0009681,5.22499e-15,0.0009681
42,16,0.0009681,5.22499e-15,0.0009681
43,16,0.0009681,5.22499e-15,0.0009681
44,16,0.0009681,5.22499e-15,0.0009681
45,16,0.0009681,5.22499e-15,0.0009681
46,16,0.0009681,5.22499e-15,0.0009681
47,16,0.0009681,5.22499e-15,0.0009681
48,16,0.0009681,5.22499e-15,0.0009681
49,16,0.0009681,5.22499e-15,0.0009681
50,16,0.0009681,5.22499e-15,0.0009681
51,16,0.0009681,5.22499e-15,0.0009681
52,16,0.0009681,5.22499e-15,0.0009681
53,16,0.0009681,5.22499e-15,0.0009681
54,16,0.0009681,5.22499e-15,0.0009681
55,16,0.0009681,5.22499e-15,0.0009681
56,16,0.0009681,5.22499e-15,0.0009681
57,16,0.0009681,5.22499e-15,0.0009681
58,16,0.0009681,5.22499e-15,0.0009681
59,16,0.0009681,5.22499e-15,0.0009681
60,16,0.0009681,5.22499e-15,0.0009681
61,16,0.0009681,5.22499e-15,0.0009681
62,16,0.0009681,5.22499e-15,0.0009681
63,16,0.0009681,5.22499e-15,0.0009681
64,16,0.0009681,5.22499e-15,0.0009681
65,16,0.0009681,5.22499e-15,0.0009681
66,16,0.0009681,5.22499e-15,0.0009681
67,16,0.0009681,5.22499e-15,0.0009681
68,16,0.0009681,5.22499e-15,0.0009681
69,16,0.0009681,5.22499e-15,0.0009681
70,16,0.0009681,5.22499e-15,0.0009681
71,16,0.0009681,5.22499e-15,0.0009681
72,16,0.0009681,5.22499e-15,0.0009681
73,16,0.0009681,5.22499e-15,0.0009681
74,16,0.0009681,5.22499e-15,0.0009681
75,16,0.0009681,5.22499e-15,0.0009681
76,16,0.0009681,5.22499e-15,0.0009681
77,16,0.0009681,5.22499e-15,0.0009681
78,16,0.0009681,5.22499e-15,0.0009681
79,16,0.0009681,5.22499e-15,0.0009681
0,17,0.0009481,-4.7358e-15,0.0009481
1,17,0.0009481,-4.7358e-15,0.0009481
2,17,0.0009481,-4.7358e-15,0.0009481
3,17,0.0009481,-4.7358e-15,0.0009481
4,17,0.0009481,-4.7358e-15,0.0009481
5,17,0.0009481,-4.7358e-15,0.0009481
6,17,0.0009481,-4.7358e-15,0.0009481
7,17,0.0009481,-4.7358e-15,0.0009481
8,17,0.0009481,-4.7358e-15,0.0009481
9,17,0.0009481,-4.7358e-15,0.0009481
10,17,0.0009481,-4.7358e-15,0.0009481
11,17,0.0009481,-4.7358e-15,0.0009481
12,17,0.0009481,-4.7358e-15,0.0009481
13,17,0.0009481,-4.7358e-15,0.0009481
14,17,0.0009481,-4.7358e-15,0.0009481
15,17,0.0009481,-4.7358e-15,0.0009481
16,17,0.0009481,-4.7358e-15,0.0009481
17,17,0.0009481,-4.7358e-15,0.0009481
18,17,0.0009481,-4.7358e-15,0.0009481
19,17,0.0009481,-4.7358e-15,0.0009481
20,17,0.0009481,-4.7358e-15,0.0009481
21,17,0.0009481,-4.7358e-15,0.0009481
22,17,0.0009481,-4.7358e-15,0.0009481
23,17,0.0009481,-4.7358e-15,0.0009481
24,17,0.0009481,-4.7358e-15,0.0009481
25,17,0.0009481,-4.7358e-15,0.0009481
26,17,0.0009481,-4.7358e-15,0.0009481
27,17,0.0009481,-4.7358e-15,0.0009481
28,17,0.0009481,-4.7358e-15,0.0009481
29,17,0.0009481,-4.7358e-15,0.0009481
30,17,0.0009481,-4.7358e-15,0.0009481
31,17,0.0009481,-4.7358e-15,0.0009481
32,17,0.0009481,-4.7358e-15,0.0009481
33,17,0.0009481,-4.7358e-15,0.0009481
34,17,0.0009481,-4.7358e-15,0.0009481
35,17,0.0009481,-4.7358e-15,0.0009481
36,17,0.0009481,-4.7358e-15,0.0009481
37,17,0.0009481,-4.7358e-15,0.0009481
38,17,0.0009481,-4.7358e-15,0.0009481
39,17,0.0009481,-4.7358e-15,0.0009481
40,17,0.0009481,-4.7358e-15,0.0009481
41,17,0.0009481,-4.7358e-15,0.0009481
42,17,0.0009481,-4.7358e-15,0.0009481
43,17,0.0009481,-4.7358e-15,0.0009481
44,17,0.0009481,-4.7358e-15,0.0009481
45,17,0.0009481,-4.7358e-15,0.0009481
46,17,0.0009481,-4.7358e-15,0.0009481
47,17,0.0009481,-4.7358e-15,0.0009481
48,17,0.0009481,-4.7358e-15,0.0009481
49,17,0.0009481,-4.7358e-15,0.0009481
50,17,0.0009481,-4.7358e-15,0.0009481
51,17,0.0009481,-4.7358e-15,0.0009481
52,17,0.0009481,-4.7358e-15,0.0009481
53,17,0.0009481,-4.7358e-15,0.0009481
54,17,0.0009481,-4.7358e-15,0.0009481
55,17,0.0009481,-4.7358e-15,0.0009481
56,17,0.0009481,-4.7358e-15,0.0009481
57,17,0.0009481,-4.7358e-15,0.0009481
58,17,0.0009481,-4.7358e-15,0.0009481
59,17,0.0009481,-4.7358e-15,0.0009481
60,17,0.0009481,-4.7358e-15,0.0009481
61,17,0.0009481,-4.7358e-15,0.0009481
62,17,0.0009481,-4.7358e-15,0.0009481
63,17,0.0009481,-4.7358e-15,0.0009481
64,17,0.0009481,-4.7358e-15,0.0009481
65,17,0.0009481,-4.7358e-15,0.0009481
66,17,0.0009481,-4.7358e-15,0.0009481
67,17,0.0009481,-4.7358e-15,0.0009481
68,17,0.0009481,-4.7358e-15,0.0009481
69,17,0.0009481,-4.7358e-15,0.0009481
70,17,0.0009481,-4.7358e-15,0.0009481
71,17,0.0009481,-4.7358e-15,0.0009481
72,17,0.0009481,-4.7358e-15,0.0009481
73,17,0.0009481,-4.7358e-15,0.0009481
74,17,0.0009481,-4.7358e-15,0.0009481
75,17,0.0009481,-4.7358e-15,0.0009481
76,17,0.0009481,-4.7358e-15,0.0009481
77,17,0.0009481,-4.7358e-15,0.0009481
78,17,0.0009481,-4.7358e-15,0.0009481
79,17,0.0009481,-4.7358e-15,0.0009481
0,18,0.0009181,4.85029e-15,0.0009181
1,18,0.0009181,4.85029e-15,0.0009181
2,18,0.0009181,4.85029e-15,0.0009181
3,18,0.0009181,4.85029e-15,0.0009181
4,18,0.0009181,4.85029e-15,0.0009181
5,18,0.0009181,4.85029e-15,0.0009181
6,18,0.0009181,4.85029e-15,0.0009181
7,18,0.0009181,4.85029e-15,0.0009181
8,18,0.0009181,4.85029e-15,0.0009181
9,18,0.0009181,4.85029e-15,0.0009181
10,18,0.0009181,4.85029e-15,0.0009181
11,18,0.0009181,4.85029e-15,0.0009181
12,18,0.0009181,4.85029e-15,0.0009181
13,18,0.0009181,4.85029e-15,0.0009181
14,18,0.0009181,4.85029e-15,0.0009181
15,18,0.0009181,4.85029e-15,0.0009181
16,18,0.0009181,4.85029e-15,0.0009181
17,18,0.0009181,4.85029e-15,0.0009181
18,18,0.0009181,4.85029e-15,0.0009181
19,18,0.0009181,4.85029e-15,0.0009181
20,18,0.0009181,4.85029e-15,0.0009181
21,18,0.0009181,4.85029e-15,0.0009181
22,18,0.0009181,4.85029e-15,0.0009181
23,18,0.0009181,4.85029e-15,0.0009181
24,18,0.0009181,4.85029e-15,0.0009181
25,18,0.0009181,4.85029e-15,0.0009181
26,18,0.0009181,4.85029e-15,0.0009181
27,18,0.0009181,4.85029e-15,0.0009181
28,18,0.0009181,4.85029e-15,0.0009181
29,18,0.0009181,4.85029e-15,0.0009181
30,18,0.0009181,4.85029e-15,0.0009181
31,18,0.0009181,4.85029e-15,0.0009181
32,18,0.0009181,4.85029e-15,0.0009181
33,18,0.0009181,4.85029e-15,0.0009181
34,18,0.0009181,4.85029e-15,0.0009181
35,18,0.0009181,4.85029e-15,0.0009181
36,18,0.0009181,4.85029e-15,0.0009181
37,18,0.0009181,4.85029e-15,0.0009181
38,18,0.0009181,4.85029e-15,0.0009181
39,18,0.0009181,4.85029e-15,0.0009181
40,18,0.0009181,4.85029e-15,0.0009181
41,18,0.0009181,4.85029e-15,0.0009181
42,18,0.0009181,4.85029e-15,0.0009181
43,18,0.0009181,4.85029e-15,0.0009181
44,18,0.0009181,4.85029e-15,0.0009181
45,18,0.0009181,4.85029e-15,0.0009181
46,18,0.0009181,4.85029e-15,0.0009181
47,18,0.0009181,4.85029e-15,0.0009181
48,18,0.0009181,4.85029e-15,0.0009181
49,18,0.0009181,4.85029e-15,0.0009181
50,18,0.0009181,4.85029e-15,0.0009181
51,18,0.0009181,4.85029e-15,0.0009181
52,18,0.0009181,4.85029e-15,0.0009181
53,18,0.0009181,4.85029e-15,0.0009181
54,18,0.0009181,4.85029e-15,0.0009181
55,18,0.0009181,4.85029e-15,0.0009181
56,18,0.0009181,4.85029e-15,0.0009181
57,18,0.0009181,4.85029e-15,0.0009181
58,18,0.0009181,4.85029e-15,0.0009181
59,18,0.0009181,4.85029e-15,0.0009181
60,18,0.0009181,4.85029e-15,0.0009181
61,18,0.0009181,4.85029e-15,0.0009181
62,18,0.0009181,4.85029e-15,0.0009181
63,18,0.0009181,4.85029e-15,0.0009181
64,18,0.0009181,4.85029e-15,0.0009181
65,18,0.0009181,4.85029e-15,0.0009181
66,18,0.0009181,4.85029e-15,0.0009181
67,18,0.0009181,4.85029e-15,0.0009181
68,18,0.0009181,4.85029e-15,0.0009181
69,18,0.0009181,4.85029e-15,0.0009181
70,18,0.0009181,4.85029e-15,0.0009181
71,18,0.0009181,4.85029e-15,0.0009181
72,18,0.0009181,4.85029e-15,0.0009181
73,18,0.0009181,4.85029e-15,0.0009181
74,18,0.0009181,4.85029e-15,0.0009181
75,18,0.0009181,4.85029e-15,0.0009181
76,18,0.0009181,4.85029e-15,0.0009181
77,18,0.0009181,4.85029e-15,0.0009181
78,18,0.0009181,4.85029e-15,0.0009181
79,18,0.0009181,4.85029e-15,0.0009181
0,19,0.0008781,-5.01335e-15,0.0008781
1,19,0.0008781,-5.01335e-15,0.0008781
2,19,0.0008781,-5.01335e-15,0.0008781
3,19,0.0008781,-5.01335e-15,0.0008781
4,19,0.0008781,-5.01335e-15,0.0008781
5,19,0.0008781,-5.01335e-15,0.0008781
6,19,0.0008781,-5.01335e-15,0.0008781
7,19,0.0008781,-5.01335e-15,0.0008781
8,19,0.0008781,-5.01335e-15,0.0008781
9,19,0.0008781,-5.01335e-15,0.0008781
10,19,0.0008781,-5.01335e-15,0.0008781
11,19,0.0008781,-5.01335e-15,0.0008781
12,19,0.0008781,-5.01335e-15,0.0008781
13,19,0.0008781,-5.01335e-15,0.0008781
14,19,0.0008781,-5.01335e-15,0.0008781
15,19,0.0008781,-5.01335e-15,0.0008781
16,19,0.0008781,-5.01335e-15,0.0008781
17,19,0.0008781,-5.01335e-15,0.0008781
18,19,0.0008781,-5.01335e-15,0.0008781
19,19,0.0008781,-5.01335e-15,0.0008781
20,19,0.0008781,-5.01335e-15,0.0008781
21,19,0.0008781,-5.01335e-15,0.0008781
22,19,0.0008781,-5.01335e-15,0.0008781
23,19,0.0008781,-5.01335e-15,0.0008781
24,19,0.0008781,-5.01335e-15,0.0008781
25,19,0.0008781,-5.01335e-15,0.0008781
26,19,0.0008781,-5.01335e-15,0.0008781
27,19,0.0008781,-5.01335e-15,0.0008781
28,19,0.0008781,-5.01335e-15,0.0008781
29,19,0.0008781,-5.01335e-15,0.0008781
30,19,0.0008781,-5.01335e-15,0.0008781
31,19,0.0008781,-5.01335e-15,0.0008781
32,19,0.0008781,-5.01335e-15,0.0008781
33,19,0.0008781,-5.01335e-15,0.0008781
34,19,0.0008781,-5.01335e-15,0.0008781
35,19,0.0008781,-5.01335e-15,0.0008781
36,19,0.0008781,-5.01335e-15,0.0008781
37,19,0.0008781,-5.01335e-15,0.0008781
38,19,0.0008781,-5.01335e-15,0.0008781
39,19,0.0008781,-5.01335e-15,0.0008781
40,19,0.0008781,-5.01335e-15,0.0008781
41,19,0.0008781,-5.01335e-15,0.0008781
42,19,0.0008781,-5.01335e-15,0.0008781
43,19,0.0008781,-5.01335e-15,0.0008781
44,19,0.0008781,-5.01335e-15,0.0008781
45,19,0.0008781,-5.01335e-15,0.0008781
46,19,0.0008781,-5.01335e-15,0.0008781
47,19,0.0008781,-5.01335e-15,0.0008781
48,19,0.0008781,-5.01335e-15,0.0008781
49,19,0.0008781,-5.01335e-15,0.0008781
50,19,0.0008781,-5.01335e-15,0.0008781
51,19,0.0008781,-5.01335e-15,0.0008781
52,19,0.0008781,-5.01335e-15,0.0008781
53,19,0.0008781,-5.01335e-15,0.0008781
54,19,0.0008781,-5.01335e-15,0.0008781
55,19,0.0008781,-5.01335e-15,0.0008781
56,19,0.0008781,-5.01335e-15,0.0008781
57,19,0.0008781,-5.01335e-15,0.0008781
58,19,0.0008781,-5.01335e-15,0.0008781
59,19,0.0008781,-5.01335e-15,0.0008781
60,19,0.0008781,-5.01335e-15,0.0008781
61,19,0.0008781,-5.01335e-15,0.0008781
62,19,0.0008781,-5.01335e-15,0.0008781
63,19,0.0008781,-5.01335e-15,0.0008781
64,19,0.0008781,-5.01335e-15,0.0008781
65,19,0.0008781,-5.01335e-15,0.0008781
66,19,0.0008781,-5.01335e-15,0.0008781
67,19,0.0008781,-5.01335e-15,0.0008781
68,19,0.0008781,-5.01335e-15,0.0008781
69,19,0.0008781,-5.01335e-15,0.0008781
70,19,0.0008781,-5.01335e-15,0.0008781
71,19,0.0008781,-5.01335e-15,0.0008781
72,19,0.0008781,-5.01335e-15,0.0008781
73,19,0.0008781,-5.01335e-15,0.0008781
74,19,0.0008781,-5.01335e-15,0.0008781
75,19,0.0008781,-5.01335e-15,0.0008781
76,19,0.0008781,-5.01335e-15,0.0008781
77,19,0.0008781,-5.01335e-15,0.0008781
78,19,0.0008781,-5.01335e-15,0.0008781
79,19,0.0008781,-5.01335e-15,0.0008781
0,20,0.0008281,4.80865e-15,0.0008281
1,20,0.0008281,4.80865e-15,0.0008281
2,20,0.0008281,4.80865e-15,0.0008281
3,20,0.0008281,4.80865e-15,0.0008281
4,20,0.0008281,4.80865e-15,0.0008281
5,20,0.0008281,4.80865e-15,0.0008281
6,20,0.0008281,4.80865e-15,0.0008281
7,20,0.0008281,4.80865e-15,0.0008281
8,20,0.0008281,4.80865e-15,0.0008281
9,20,0.0008281,4.80865e-15,0.0008281
10,20,0.0008281,4.80865e-15,0.0008281
11,20,0.0008281,4.80865e-15,0.0008281
12,20,0.0008281,4.80865e-15,0.0008281
13,20,0.0008281,4.80865e-15,0.0008281
14,20,0.0008281,4.80865e-15,0.0008281
15,20,0.0008281,4.80865e-15,0.0008281
16,20,0.0008281,4.80865e-15,0.0008281
17,20,0.0008281,4.80865e-15,0.0008281
18,20,0.0008281,4.80865e-15,0.0008281
19,20,0.0008281,4.80865e-15,0.0008281
20,20,0.0008281,4.80865e-15,0.0008281
21,20,0.0008281,4.80865e-15,0.0008281
22,20,0.0008281,4.80865e-15,0.0008281
23,20,0.0008281,4.80865e-15,0.0008281
24,20,0.0008281,4.80865e-15,0.0008281
25,20,0.0008281,4.80865e-15,0.0008281
26,20,0.0008281,4.80865e-15,0.0008281
27,20,0.0008281,4.80865e-15,0.0008281
28,20,0.0008281,4.80865e-15,0.0008281
29,20,0.0008281,4.80865e-15,0.0008281
30,20,0.0008281,4.80865e-15,0.0008281
31,20,0.0008281,4.80865e-15,0.0008281
32,20,0.0008281,4.80865e-15,0.0008281
33,20,0.0008281,4.80865e-15,0.0008281
34,20,0.0008281,4.80865e-15,0.0008281
35,20,0.0008281,4.80865e-15,0.0008281
36,20,0.0008281,4.80865e-15,0.0008281
37,20,0.0008281,4.80865e-15,0.0008281
38,20,0.0008281,4.80865e-15,0.0008281
39,20,0.0008281,4.80865e-15,0.0008281
40,20,0.0008281,4.80865e-15,0.0008281
41,20,0.0008281,4.80865e-15,0.0008281
42,20,0.0008281,4.80865e-15,0.0008281
43,20,0.0008281,4.80865e-15,0.0008281
44,20,0.0008281,4.80865e-15,0.0008281
45,20,0.0008281,4.80865e-15,0.0008281
46,20,0.0008281,4.80865e-15,0.0008281
47,20,0.0008281,4.80865e-15,0.0008281
48,20,0.0008281,4.80865e-15,0.0008281
49,20,0.0008281,4.80865e-15,0.0008281
50,20,0.0008281,4.80865e-15,0.0008281
51,20,0.0008281,4.80865e-15,0.0008281
52,20,0.0008281,4.80865e-15,0.0008281
53,20,0.0008281,4.80865e-15,0.0008281
54,20,0.0008281,4.80865e-15,0.0008281
55,20,0.0008281,4.80865e-15,0.0008281
56,20,0.0008281,4.80865e-15,0.0008281
57,20,0.0008281,4.80865e-15,0.0008281
58,20,0.0008281,4.80865e-15,0.0008281
59,20,0.0008281,4.80865e-15,0.0008281
60,20,0.0008281,4.80865e-15,0.0008281
61,20,0.0008281,4.80865e-15,0.0008281
62,20,0.0008281,4.80865e-15,0.0008281
63,20,0.0008281,4.80865e-15,0.0008281
64,20,0.0008281,4.80865e-15,0.0008281
65,20,0.0008281,4.80865e-15,0.0008281
66,20,0.0008281,4.80865e-15,0.0008281
67,20,0.0008281,4.80865e-15,0.0008281
68,20,0.0008281,4.80865e-15,0.0008281
69,20,0.0008281,4.80865e-15,0.0008281
70,20,0.0008281,4.80865e-15,0.0008281
71,20,0.0008281,4.80865e-15,0.0008281
72,20,0.0008281,4.80865e-15,0.0008281
73,20,0.0008281,4.80865e-15,0.0008281
74,20,0.0008281,4.80865e-15,0.0008281
75,20,0.0008281,4.80865e-15,0.0008281
76,20,0.0008281,4.80865e-15,0.0008281
77,20,0.0008281,4.80865e-15,0.0008281
78,20,0.0008281,4.80865e-15,0.0008281
79,20,0.0008281,4.80865e-15,0.0008281
0,21,0.0007681,-5.22846e-15,0.0007681
1,21,0.0007681,-5.22846e-15,0.0007681
2,21,0.0007681,-5.22846e-15,0.0007681
3,21,0.0007681,-5.22846e-15,0.0007681
4,21,0.0007681,-5.22846e-15,0.0007681
5,21,0.0007681,-5.22846e-15,0.0007681
6,21,0.0007681,-5.22846e-15,0.0007681
7,21,0.0007681,-5.22846e-15,0.0007681
8,21,0.0007681,-5.22846e-15,0.0007681
9,21,0.0007681,-5.22846e-15,0.0007681
10,21,0.0007681,-5.22846e-15,0.0007681
11,21,0.0007681,-5.22846e-15,0.0007681
12,21,0.0007681,-5.22846e-15,0.0007681
13,21,0.0007681,-5.22846e-15,0.0007681
14,21,0.0007681,-5.22846e-15,0.0007681
15,21,0.0007681,-5.22846e-15,0.0007681
16,21,0.0007681,-5.22846e-15,0.0007681
17,21,0.0007681,-5.22846e-15,0.0007681
18,21,0.0007681,-5.22846e-15,0.0007681
19,21,0.0007681,-5.22846e-15,0.0007681
20,21,0.0007681,-5.22846e-15,0.0007681
21,21,0.0007681,-5.22846e-15,0.0007681
22,21,0.0007681,-5.22846e-15,0.0007681
23,21,0.0007681,-5.22846e-15,0.0007681
24,21,0.0007681,-5.22846e-15,0.0007681
25,21,0.0007681,-5.22846e-15,0.0007681
26,21,0.0007681,-5.22846e-15,0.0007681
27,21,0.0007681,-5.22846e-15,0.0007681
28,21,0.0007681,-5.22846e-15,0.0007681
29,21,0.0007681,-5.22846e-15,0.0007681
30,21,0.0007681,-5.22846e-15,0.0007681
31,21,0.0007681,-5.22846e-15,0.0007681
32,21,0.0007681,-5.22846e-15,0.0007681
33,21,0.0007681,-5.22846e-15,0.0007681
34,21,0.0007681,-5.22846e-15,0.0007681
35,21,0.0007681,-5.22846e-15,0.0007681
36,21,0.0007681,-5.22846e-15,0.0007681
37,21,0.0007681,-5.22846e-15,0.0007681
38,21,0.0007681,-5.22846e-15,0.0007681
39,21,0.0007681,-5.22846e-15,0.0007681
40,21,0.0007681,-5.22846e-15,0.0007681
41,21,0.0007681,-5.22846e-15,0.0007681
42,21,0.0007681,-5.22846e-15,0.0007681
43,21,0.0007681,-5.22846e-15,0.0007681
44,21,0.0007681,-5.22846e-15,0.0007681
45,21,0.0007681,-5.22846e-15,0.0007681
46,21,0.0007681,-5.22846e-15,0.0007681
47,21,0.0007681,-5.22846e-15,0.0007681
48,21,0.0007681,-5.22846e-15,0.0007681
49,21,0.0007681,-5.22846e-15,0.0007681
50,21,0.0007681,-5.22846e-15,0.0007681
51,21,0.0007681,-5.22846e-15,0.0007681
52,21,0.0007681,-5.22846e-15,0.0007681
53,21,0.0007681,-5.22846e-15,0.0007681
54,21,0.0007681,-5.22846e-15,0.0007681
55,21,0.0007681,-5.22846e-15,0.0007681
56,21,0.0007681,-5.22846e-15,0.0007681
57,21,0.0007681,-5.22846e-15,0.0007681
58,21,0.0007681,-5.22846e-15,0.0007681
59,21,0.0007681,-5.22846e-15,0.0007681
60,21,0.0007681,-5.22846e-15,0.0007681
61,21,0.0007681,-5.22846e-15,0.0007681
62,21,0.0007681,-5.22846e-15,0.0007681
63,21,0.0007681,-5.22846e-15,0.0007681
64,21,0.0007681,-5.22846e-15,0.0007681
65,21,0.0007681,-5.22846e-15,0.0007681
66,21,0.0007681,-5.22846e-15,0.0007681
67,21,0.0007681,-5.22846e-15,0.0007681
68,21,0.0007681,-5.22846e-15,0.0007681
69,21,0.0007681,-5.22846e-15,0.0007681
70,21,0.0007681,-5.22846e-15,0.0007681
71,21,0.0007681,-5.22846e-15,0.0007681
72,21,0.0007681,-5.22846e-15,0.0007681
73,21,0.0007681,-5.22846e-15,0.0007681
74,21,0.0007681,-5.22846e-15,0.0007681
75,21,0.0007681,-5.22846e-15,0.0007681
76,21,0.0007681,-5.22846e-15,0.0007681
77,21,0.0007681,-5.22846e-15,0.0007681
78,21,0.0007681,-5.22846e-15,0.0007681
79,21,0.0007681,-5.22846e-15,0.0007681
0,22,0.0006981,4.62477e-15,0.0006981
1,22,0.0006981,4.62477e-15,0.0006981
2,22,0.0006981,4.62477e-15,0.0006981
3,22,0.0006981,4.62477e-15,0.0006981
4,22,0.0006981,4.62477e-15,0.0006981
5,22,0.0006981,4.62477e-15,0.0006981
6,22,0.0006981,4.62477e-15,0.0006981
7,22,0.0006981,4.62477e-15,0.0006981
8,22,0.0006981,4.62477e-15,0.0006981
9,22,0.0006981,4.62477e-15,0.0006981
10,22,0.0006981,4.62477e-15,0.0006981
11,22,0.0006981,4.62477e-15,0.0006981
12,22,0.0006981,4.62477e-15,0.0006981
13,22,0.0006981,4.62477e-15,0.0006981
14,22,0.0006981,4.62477e-15,0.0006981
15,22,0.0006981,4.62477e-15,0.0006981
16,22,0.0006981,4.62477e-15,0.0006981
17,22,0.0006981,4.62477e-15,0.0006981
18,22,0.0006981,4.62477e-15,0.0006981
19,22,0.0006981,4.62477e-15,0.0006981
20,22,0.0006981,4.62477e-15,0.0006981
21,22,0.0006981,4.62477e-15,0.0006981
22,22,0.0006981,4.62477e-15,0.0006981
23,22,0.0006981,4.62477e-15,0.0006981
24,22,0.0006981,4.62477e-15,0.0006981
25,22,0.0006981,4.62477e-15,0.0006981
26,22,0.0006981,4.62477e-15,0.0006981
27,22,0.0006981,4.62477e-15,0.0006981
28,22,0.0006981,4.62477e-15,0.0006981
29,22,0.0006981,4.62477e-15,0.0006981
30,22,0.0006981,4.62477e-15,0.0006981
31,22,0.0006981,4.62477e-15,0.0006981
32,22,0.0006981,4.62477e-15,0.0006981
33,22,0.0006981,4.62477e-15,0.0006981
34,22,0.0006981,4.62477e-15,0.0006981
35,22,0.0006981,4.62477e-15,0.0006981
36,22,0.0006981,4.62477e-15,0.0006981
37,22,0.0006981,4.62477e-15,0.0006981
38,22,0.0006981,4.62477e-15,0.0006981
39,22,0.0006981,4.62477e-15,0.0006981
40,22,0.0006981,4.62477e-15,0.0006981
41,22,0.0006981,4.62477e-15,0.0006981
42,22,0.0006981,4.62477e-15,0.0006981
43,22,0.0006981,4.62477e-15,0.0006981
44,22,0.0006981,4.62477e-15,0.0006981
45,22,0.0006981,4.62477e-15,0.0006981
46,22,0.0006981,4.62477e-15,0.0006981
47,22,0.0006981,4.62477e-15,0.0006981
48,22,0.0006981,4.62477e-15,0.0006981
49,22,0.0006981,4.62477e-15,0.0006981
50,22,0.0006981,4.62477e-15,0.0006981
51,22,0.0006981,4.62477e-15,0.0006981
52,22,0.0006981,4.62477e-15,0.0006981
53,22,0.0006981,4.62477e-15,0.0006981
54,22,0.0006981,4.62477e-15,0.0006981
55,22,0.0006981,4.62477e-15,0.0006981
56,22,0.0006981,4.62477e-15,0.0006981
57,22,0.0006981,4.62477e-15,0.0006981
58,22,0.0006981,4.62477e-15,0.0006981
59,22,0.0006981,4.62477e-15,0.0006981
60,22,0.0006981,4.62477e-15,0.0006981
61,22,0.0006981,4.62477e-15,0.0006981
62,22,0.0006981,4.62477e-15,0.0006981
63,22,0.0006981,4.62477e-15,0.0006981
64,22,0.0006981,4.62477e-15,0.0006981
65,22,0.0006981,4.62477e-15,0.0006981
66,22,0.0006981,4.62477e-15,0.0006981
67,22,0.0006981,4.62477e-15,0.0006981
68,22,0.0006981,4.62477e-15,0.0006981
69,22,0.0006981,4.62477e-15,0.0006981
70,22,0.0006981,4.62477e-15,0.0006981
71,22,0.0006981,4.62477e-15,0.0006981
72,22,0.0006981,4.62477e-15,0.0006981
73,22,0.0006981,4.62477e-15,0.0006981
74,22,0.0006981,4.62477e-15,0.0006981
75,22,0.0006981,4.62477e-15,0.0006981
76,22,0.0006981,4.62477e-15,0.0006981
77,22,0.0006981,4.62477e-15,0.0006981
78,22,0.0006981,4.62477e-15,0.0006981
79,22,0.0006981,4.62477e-15,0.0006981
0,23,0.0006181,-5.23193e-15,0.0006181
1,23,0.0006181,-5.23193e-15,0.0006181
2,23,0.0006181,-5.23193e-15,0.0006181
3,23,0.0006181,-5.23193e-15,0.0006181
4,23,0.0006181,-5.23193e-15,0.0006181
5,23,0.0006181,-5.23193e-15,0.0006181
6,23,0.0006181,-5.23193e-15,0.0006181
7,23,0.0006181,-5.23193e-15,0.0006181
8,23,0.0006181,-5.23193e-15,0.0006181
9,23,0.0006181,-5.23193e-15,0.0006181
10,23,0.0006181,-5.23193e-15,0.0006181
11,23,0.0006181,-5.23193e-15,0.0006181
12,23,0.0006181,-5.23193e-15,0.0006181
13,23,0.0006181,-5.23193e-15,0.0006181
14,23,0.0006181,-5.23193e-15,0.0006181
15,23,0.0006181,-5.23193e-15,0.0006181
16,23,0.0006181,-5.23193e-15,0.0006181
17,23,0.0006181,-5.23193e-15,0.0006181
18,23,0.0006181,-5.23193e-15,0.0006181
19,23,0.0006181,-5.23193e-15,0.0006181
20,23,0.0006181,-5.23193e-15,0.0006181
21,23,0.0006181,-5.23193e-15,0.0006181
22,23,0.0006181,-5.23193e-15,0.0006181
23,23,0.0006181,-5.23193e-15,0.0006181
24,23,0.0006181,-5.23193e-15,0.0006181
25,23,0.0006181,-5.23193e-15,0.0006181
26,23,0.0006181,-5.23193e-15,0.0006181
27,23,0.0006181,-5.23193e-15,0.0006181
28,23,0.0006181,-5.23193e-15,0.0006181
29,23,0.0006181,-5.23193e-15,0.0006181
30,23,0.0006181,-5.23193e-15,0.0006181
31,23,0.0006181,-5.23193e-15,0.0006181
32,23,0.0006181,-5.23193e-15,0.0006181
33,23,0.0006181,-5.23193e-15,0.0006181
34,23,0.0006181,-5.23193e-15,0.0006181
35,23,0.0006181,-5.23193e-15,0.0006181
36,23,0.0006181,-5.23193e-15,0.0006181
37,23,0.0006181,-5.23193e-15,0.0006181
38,23,0.0006181,-5.23193e-15,0.0006181
39,23,0.0006181,-5.23193e-15,0.0006181
40,23,0.0006181,-5.23193e-15,0.0006181
41,23,0.0006181,-5.23193e-15,0.0006181
42,23,0.0006181,-5.23193e-15,0.0006181
43,23,0.0006181,-5.23193e-15,0.0006181
44,23,0.0006181,-5.23193e-15,0.0006181
45,23,0.0006181,-5.23193e-15,0.0006181
46,23,0.0006181,-5.23193e-15,0.0006181
47,23,0.0006181,-5.23193e-15,0.0006181
48,23,0.0006181,-5.23193e-15,0.0006181
49,23,0.0006181,-5.23193e-15,0.0006181
50,23,0.0006181,-5.23193e-15,0.0006181
51,23,0.0006181,-5.23193e-15,0.0006181
52,23,0.0006181,-5.23193e-15,0.0006181
53,23,0.0006181,-5.23193e-15,0.0006181
54,23,0.0006181,-5.23193e-15,0.0006181
55,23,0.0006181,-5.23193e-15,0.0006181
56,23,0.0006181,-5.23193e-15,0.0006181
57,23,0.0006181,-5.23193e-15,0.0006181
58,23,0.0006181,-5.23193e-15,0.0006181
59,23,0.0006181,-5.23193e-15,0.0006181
60,23,0.0006181,-5.23193e-15,0.0006181
61,23,0.0006181,-5.23193e-15,0.0006181
62,23,0.0006181,-5.23193e-15,0.0006181
63,23,0.0006181,-5.23193e-15,0.0006181
64,23,0.0006181,-5.23193e-15,0.0006181
65,23,0.0006181,-5.23193e-15,0.0006181
66,23,0.0006181,-5.23193e-15,0.0006181
67,23,0.0006181,-5.23193e-15,0.0006181
68,23,0.0006181,-5.23193e-15,0.0006181
69,23,0.0006181,-5.23193e-15,0.0006181
70,23,0.0006181,-5.23193e-15,0.0006181
71,23,0.0006181,-5.23193e-15,0.0006181
72,23,0.0006181,-5.23193e-15,0.0006181
73,23,0.0006181,-5.23193e-15,0.0006181
74,23,0.0006181,-5.23193e-15,0.0006181
75,23,0.0006181,-5.23193e-15,0.0006181
76,23,0.0006181,-5.23193e-15,0.0006181
77,23,0.0006181,-5.23193e-15,0.0006181
78,23,0.0006181,-5.23193e-15,0.0006181
79,23,0.0006181,-5.23193e-15,0.0006181
0,24,0.0005281,4.48946e-15,0.0005281
1,24,0.0005281,4.48946e-15,0.0005281
2,24,0.0005281,4.48946e-15,0.0005281
3,24,0.0005281,4.48946e-15,0.0005281
4,24,0.0005281,4.48946e-15,0.0005281
5,24,0.0005281,4.48946e-15,0.0005281
6,24,0.0005281,4.48946e-15,0.0005281
7,24,0.0005281,4.48946e-15,0.0005281
8,24,0.0005281,4.48946e-15,0.0005281
9,24,0.0005281,4.48946e-15,0.0005281
10,24,0.0005281,4.48946e-15,0.0005281
11,24,0.0005281,4.48946e-15,0.0005281
12,24,0.0005281,4.48946e-15,0.0005281
13,24,0.0005281,4.48946e-15,0.0005281
14,24,0.0005281,4.48946e-15,0.0005281
15,24,0.0005281,4.48946e-15,0.0005281
16,24,0.0005281,4.48946e-15,0.0005281
17,24,0.0005281,4.48946e-15,0.0005281
18,24,0.0005281,4.48946e-15,0.0005281
19,24,0.0005281,4.48946e-15,0.0005281
20,24,0.0005281,4.48946e-15,0.0005281
21,24,0.0005281,4.48946e-15,0.0005281
22,24,0.0005281,4.48946e-15,0.0005281
23,24,0.0005281,4.48946e-15,0.0005281
24,24,0.0005281,4.48946e-15,0.0005281
25,24,0.0005281,4.48946e-15,0.0005281
26,24,0.0005281,4.48946e-15,0.0005281
27,24,0.0005281,4.48946e-15,0.0005281
28,24,0.0005281,4.48946e-15,0.0005281
29,24,0.0005281,4.48946e-15,0.0005281
30,24,0.0005281,4.48946e-15,0.0005281
31,24,0.0005281,4.48946e-15,0.0005281
32,24,0.0005281,4.48946e-15,0.0005281
33,24,0.0005281,4.48946e-15,0.0005281
34,24,0.0005281,4.48946e-15,0.0005281
35,24,0.0005281,4.48946e-15,0.0005281
36,24,0.0005281,4.48946e-15,0.0005281
37,24,0.0005281,4.48946e-15,0.0005281
38,24,0.0005281,4.48946e-15,0.0005281
39,24,0.0005281,4.48946e-15,0.0005281
40,24,0.0005281,4.48946e-15,0.0005281
41,24,0.0005281,4.48946e-15,0.0005281
42,24,0.0005281,4.48946e-15,0.0005281
43,24,0.0005281,4.48946e-15,0.0005281
44,24,0.0005281,4.48946e-15,0.0005281
45,24,0.0005281,4.48946e-15,0.0005281
46,24,0.0005281,4.48946e-15,0.0005281
47,24,0.0005281,4.48946e-15,0.0005281
48,24,0.0005281,4.48946e-15,0.0005281
49,24,0.0005281,4.48946e-15,0.0005281
50,24,0.0005281,4.48946e-15,0.0005281
51,24,0.0005281,4.48946e-15,0.0005281
52,24,0.0005281,4.48946e-15,0.0005281
53,24,0.0005281,4.48946e-15,0.0005281
54,24,0.0005281,4.48946e-15,0.0005281
55,24,0.0005281,4.48946e-15,0.0005281
56,24,0.0005281,4.48946e-15,0.0005281
57,24,0.0005281,4.48946e-15,0.0005281
58,24,0.0005281,4.48946e-15,0.0005281
59,24,0.0005281,4.48946e-15,0.0005281
60,24,0.0005281,4.48946e-15,0.0005281
61,24,0.0005281,4.48946e-15,0.0005281
62,24,0.0005281,4.48946e-15,0.0005281
63,24,0.0005281,4.48946e-15,0.0005281
64,24,0.0005281,4.48946e-15,0.0005281
65,24,0.0005281,4.48946e-15,0.0005281
66,24,0.0005281,4.48946e-15,0.0005281
67,24,0.0005281,4.48946e-15,0.0005281
68,24,0.0005281,4.48946e-15,0.0005281
69,24,0.0005281,4.48946e-15,0.0005281
70,24,0.0005281,4.48946e-15,0.0005281
71,24,0.0005281,4.48946e-15,0.0005281
72,24,0.0005281,4.48946e-15,0.0005281
73,24,0.0005281,4.48946e-15,0.0005281
74,24,0.0005281,4.48946e-15,0.0005281
75,24,0.0005281,4.48946e-15,0.0005281
76,24,0.0005281,4.48946e-15,0.0005281
77,24,0.0005281,4.48946e-15,0.0005281
78,24,0.0005281,4.48946e-15,0.0005281
79,24,0.0005281,4.48946e-15,0.0005281
0,25,0.0004281,-5.44356e-15,0.0004281
1,25,0.0004281,-5.44356e-15,0.0004281
2,25,0.0004281,-5.44356e-15,0.0004281
3,25,0.0004281,-5.44356e-15,0.0004281
4,25,0.0004281,-5.44356e-15,0.0004281
5,25,0.0004281,-5.44356e-15,0.0004281
6,25,0.0004281,-5.44356e-15,0.0004281
7,25,0.0004281,-5.44356e-15,0.0004281
8,25,0.0004281,-5.44356e-15,0.0004281
9,25,0.0004281,-5.44356e-15,0.0004281
10,25,0.0004281,-5.44356e-15,0.0004281
11,25,0.0004281,-5.44356e-15,0.0004281
12,25,0.0004281,-5.44356e-15,0.0004281
13,25,0.0004281,-5.44356e-15,0.0004281
14,25,0.0004281,-5.44356e-15,0.0004281
15,25,0.0004281,-5.44356e-15,0.0004281
16,25,0.0004281,-5.44356e-15,0.0004281
17,25,0.0004281,-5.44356e-15,0.0004281
18,25,0.0004281,-5.44356e-15,0.0004281
19,25,0.0004281,-5.44356e-15,0.0004281
20,25,0.0004281,-5.44356e-15,0.0004281
21,25,0.0004281,-5.44356e-15,0.0004281
22,25,0.0004281,-5.44356e-15,0.0004281
23,25,0.0004281,-5.44356e-15,0.0004281
24,25,0.0004281,-5.44356e-15,0.0004281
25,25,0.0004281,-5.44356e-15,0.0004281
26,25,0.0004281,-5.44356e-15,0.0004281
27,25,0.0004281,-5.44356e-15,0.0004281
28,25,0.0004281,-5.44356e-15,0.0004281
29,25,0.0004281,-5.44356e-15,0.0004281
30,25,0.0004281,-5.44356e-15,0.0004281
31,25,0.0004281,-5.44356e-15,0.0004281
32,25,0.0004281,-5.44356e-15,0.0004281
33,25,0.0004281,-5.44356e-15,0.0004281
34,25,0.0004281,-5.44356e-15,0.0004281
35,25,0.0004281,-5.44356e-15,0.0004281
36,25,0.0004281,-5.44356e-15,0.0004281
37,25,0.0004281,-5.44356e-15,0.0004281
38,25,0.0004281,-5.44356e-15,0.0004281
39,25,0.0004281,-5.44356e-15,0.0004281
40,25,0.0004281,-5.44356e-15,0.0004281
41,25,0.0004281,-5.44356e-15,0.0004281
42,25,0.0004281,-5.44356e-15,0.0004281
43,25,0.0004281,-5.44356e-15,0.0004281
44,25,0.0004281,-5.44356e-15,0.0004281
45,25,0.0004281,-5.44356e-15,0.0004281
46,25,0.0004281,-5.44356e-15,0.0004281
47,25,0.0004281,-5.44356e-15,0.0004281
48,25,0.0004281,-5.44356e-15,0.0004281
49,25,0.0004281,-5.44356e-15,0.0004281
50,25,0.0004281,-5.44356e-15,0.0004281
51,25,0.0004281,-5.44356e-15,0.0004281
52,25,0.0004281,-5.44356e-15,0.0004281
53,25,0.0004281,-5.44356e-15,0.0004281
54,25,0.0004281,-5.44356e-15,0.0004281
55,25,0.0004281,-5.44356e-15,0.0004281
56,25,0.0004281,-5.44356e-15,0.0004281
57,25,0.0004281,-5.44356e-15,0.0004281
58,25,0.0004281,-5.44356e-15,0.0004281
59,25,0.0004281,-5.44356e-15,0.0004281
60,25,0.0004281,-5.44356e-15,0.0004281
61,25,0.0004281,-5.44356e-15,0.0004281
62,25,0.0004281,-5.44356e-15,0.0004281
63,25,0.0004281,-5.44356e-15,0.0004281
64,25,0.0004281,-5.44356e-15,0.0004281
65,25,0.0004281,-5.44356e-15,0.0004281
66,25,0.0004281,-5.44356e-15,0.0004281
67,25,0.0004281,-5.44356e-15,0.0004281
68,25,0.0004281,-5.44356e-15,0.0004281
69,25,0.0004281,-5.44356e-15,0.0004281
70,25,0.0004281,-5.44356e-15,0.0004281
71,25,0.0004281,-5.44356e-15,0.0004281
72,25,0.0004281,-5.44356e-15,0.0004281
73,25,0.0004281,-5.44356e-15,0.0004281
74,25,0.0004281,-5.44356e-15,0.0004281
75,25,0.0004281,-5.44356e-15,0.0004281
76,25,0.0004281,-5.44356e-15,0.0004281
77,25,0.0004281,-5.44356e-15,0.0004281
78,25,0.0004281,-5.44356e-15,0.0004281
79,25,0.0004281,-5.44356e-15,0.0004281
0,26,0.0003181,4.54844e-15,0.0003181
1,26,0.0003181,4.54844e-15,0.0003181
2,26,0.0003181,4.54844e-15,0.0003181
3,26,0.0003181,4.54844e-15,0.0003181
4,26,0.0003181,4.54844e-15,0.0003181
5,26,0.0003181,4.54844e-15,0.0003181
6,26,0.0003181,4.54844e-15,0.0003181
7,26,0.0003181,4.54844e-15,0.0003181
8,26,0.0003181,4.54844e-15,0.0003181
9,26,0.0003181,4.54844e-15,0.0003181
10,26,0.0003181,4.54844e-15,0.0003181
11,26,0.0003181,4.54844e-15,0.0003181
12,26,0.0003181,4.54844e-15,0.0003181
13,26,0.0003181,4.54844e-15,0.0003181
14,26,0.0003181,4.54844e-15,0.0003181
15,26,0.0003181,4.54844e-15,0.0003181
16,26,0.0003181,4.54844e-15,0.0003181
17,26,0.0003181,4.54844e-15,0.0003181
18,26,0.0003181,4.54844e-15,0.0003181
19,26,0.0003181,4.54844e-15,0.0003181
20,26,0.0003181,4.54844e-15,0.0003181
21,26,0.0003181,4.54844e-15,0.0003181
22,26,0.0003181,4.54844e-15,0.0003181
23,26,0.0003181,4.54844e-15,0.0003181
24,26,0.0003181,4.54844e-15,0.0003181
25,26,0.0003181,4.54844e-15,0.0003181
26,26,0.0003181,4.54844e-15,0.0003181
27,26,0.0003181,4.54844e-15,0.0003181
28,26,0.0003181,4.54844e-15,0.0003181
29,26,0.0003181,4.54844e-15,0.0003181
30,26,0.0003181,4.54844e-15,0.0003181
31,26,0.0003181,4.54844e-15,0.0003181
32,26,0.0003181,4.54844e-15,0.0003181
33,26,0.0003181,4.54844e-15,0.0003181
34,26,0.0003181,4.54844e-15,0.0003181
35,26,0.0003181,4.54844e-15,0.0003181
36,26,0.0003181,4.54844e-15,0.0003181
37,26,0.0003181,4.54844e-15,0.0003181
38,26,0.0003181,4.54844e-15,0.0003181
39,26,0.0003181,4.54844e-15,0.0003181
40,26,0.0003181,4.54844e-15,0.0003181
41,26,0.0003181,4.54844e-15,0.0003181
42,26,0.0003181,4.54844e-15,0.0003181
43,26,0.0003181,4.54844e-15,0.0003181
44,26,0.0003181,4.54844e-15,0.0003181
45,26,0.0003181,4.54844e-15,0.0003181
46,26,0.0003181,4.54844e-15,0.0003181
47,26,0.0003181,4.54844e-15,0.0003181
48,26,0.0003181,4.54844e-15,0.0003181
49,26,0.0003181,4.54844e-15,0.0003181
50,26,0.0003181,4.54844e-15,0.0003181
51,26,0.0003181,4.54844e-15,0.0003181
52,26,0.0003181,4.54844e-15,0.0003181
53,26,0.0003181,4.54844e-15,0.0003181
54,26,0.0003181,4.54844e-15,0.0003181
55,26,0.0003181,4.54844e-15,0.0003181
56,26,0.0003181,4.54844e-15,0.0003181
57,26,0.0003181,4.54844e-15,0.0003181
58,26,0.0003181,4.54844e-15,0.0003181
59,26,0.0003181,4.54844e-15,0.0003181
60,26,0.0003181,4.54844e-15,0.0003181
61,26,0.0003181,4.54844e-15,0.0003181
62,26,0.0003181,4.54844e-15,0.0003181
63,26,0.0003181,4.54844e-15,0.0003181
64,26,0.0003181,4.54844e-15,0.0003181
65,26,0.0003181,4.54844e-15,0.0003181
66,26,0.0003181,4.54844e-15,0.0003181
67,26,0.0003181,4.54844e-15,0.0003181
68,26,0.0003181,4.54844e-15,0.0003181
69,26,0.0003181,4.54844e-15,0.0003181
70,26,0.0003181,4.54844e-15,0.0003181
71,26,0.0003181,4.54844e-15,0.0003181
72,26,0.0003181,4.54844e-15,0.0003181
73,26,0.0003181,4.54844e-15,0.0003181
74,26,0.0003181,4.54844e-15,0.0003181
75,26,0.0003181,4.54844e-15,0.0003181
76,26,0.0003181,4.54844e-15,0.0003181
77,26,0.0003181,4.54844e-15,0.0003181
78,26,0.0003181,4.54844e-15,0.0003181
79,26,0.0003181,4.54844e-15,0.0003181
0,27,0.0001981,-5.07927e-15,0.0001981
1,27,0.0001981,-5.07927e-15,0.0001981
2,27,0.0001981,-5.07927e-15,0.0001981
3,27,0.0001981,-5.07927e-15,0.0001981
4,27,0.0001981,-5.07927e-15,0.0001981
5,27,0.0001981,-5.07927e-15,0.0001981
6,27,0.0001981,-5.07927e-15,0.0001981
7,27,0.0001981,-5.07927e-15,0.0001981
8,27,0.0001981,-5.07927e-15,0.0001981
9,27,0.0001981,-5.07927e-15,0.0001981
10,27,0.0001981,-5.07927e-15,0.0001981
11,27,0.0001981,-5.07927e-15,0.0001981
12,27,0.0001981,-5.07927e-15,0.0001981
13,27,0.0001981,-5.07927e-15,0.0001981
14,27,0.0001981,-5.07927e-15,0.0001981
15,27,0.0001981,-5.07927e-15,0.0001981
16,27,0.0001981,-5.07927e-15,0.0001981
17,27,0.0001981,-5.07927e-15,0.0001981
18,27,0.0001981,-5.07927e-15,0.0001981
19,27,0.0001981,-5.07927e-15,0.0001981
20,27,0.0001981,-5.07927e-15,0.0001981
21,27,0.0001981,-5.07927e-15,0.0001981
22,27,0.0001981,-5.07927e-15,0.0001981
23,27,0.0001981,-5.07927e-15,0.0001981
24,27,0.0001981,-5.07927e-15,0.0001981
25,27,0.0001981,-5.07927e-15,0.0001981
26,27,0.0001981,-5.07927e-15,0.0001981
27,27,0.0001981,-5.07927e-15,0.0001981
28,27,0.0001981,-5.07927e-15,0.0001981
29,27,0.0001981,-5.07927e-15,0.0001981
30,27,0.0001981,-5.07927e-15,0.0001981
31,27,0.0001981,-5.07927e-15,0.0001981
32,27,0.0001981,-5.07927e-15,0.0001981
33,27,0.0001981,-5.07927e-15,0.0001981
34,27,0.0001981,-5.07927e-15,0.0001981
35,27,0.0001981,-5.07927e-15,0.0001981
36,27,0.0001981,-5.07927e-15,0.0001981
37,27,0.0001981,-5.07927e-15,0.0001981
38,27,0.0001981,-5.07927e-15,0.0001981
39,27,0.0001981,-5.07927e-15,0.0001981
40,27,0.0001981,-5.07927e-15,0.0001981
41,27,0.0001981,-5.07927e-15,0.0001981
42,27,0.0001981,-5.07927e-15,0.0001981
43,27,0.0001981,-5.07927e-15,0.0001981
44,27,0.0001981,-5.07927e-15,0.0001981
45,27,0.0001981,-5.07927e-15,0.0001981
46,27,0.0001981,-5.07927e-15,0.0001981
47,27,0.0001981,-5.07927e-15,0.0001981
48,27,0.0001981,-5.07927e-15,0.0001981
49,27,0.0001981,-5.07927e-15,0.0001981
50,27,0.0001981,-5.07927e-15,0.0001981
51,27,0.0001981,-5.07927e-15,0.0001981
52,27,0.0001981,-5.07927e-15,0.0001981
53,27,0.0001981,-5.07927e-15,0.0001981
54,27,0.0001981,-5.07927e-15,0.0001981
55,27,0.0001981,-5.07927e-15,0.0001981
56,27,0.0001981,-5.07927e-15,0.0001981
57,27,0.0001981,-5.07927e-15,0.0001981
58,27,0.0001981,-5.07927e-15,0.0001981
59,27,0.0001981,-5.07927e-15,0.0001981
60,27,0.0001981,-5.07927e-15,0.0001981
61,27,0.0001981,-5.07927e-15,0.0001981
62,27,0.0001981,-5.07927e-15,0.0001981
63,27,0.0001981,-5.07927e-15,0.0001981
64,27,0.0001981,-5.07927e-15,0.0001981
65,27,0.0001981,-5.07927e-15,0.0001981
66,27,0.0001981,-5.07927e-15,0.0001981
67,27,0.0001981,-5.07927e-15,0.0001981
68,27,0.0001981,-5.07927e-15,0.0001981
69,27,0.0001981,-5.07927e-15,0.0001981
70,27,0.0001981,-5.07927e-15,0.0001981
71,27,0.0001981,-5.07927e-15,0.0001981
72,27,0.0001981,-5.07927e-15,0.0001981
73,27,0.0001981,-5.07927e-15,0.0001981
74,27,0.0001981,-5.07927e-15,0.0001981
75,27,0.0001981,-5.07927e-15,0.0001981
76,27,0.0001981,-5.07927e-15,0.0001981
77,27,0.0001981,-5.07927e-15,0.0001981
78,27,0.0001981,-5.07927e-15,0.0001981
79,27,0.0001981,-5.07927e-15,0.0001981
0,28,6.81e-05,4.92661e-15,6.81e-05
1,28,6.81e-05,4.92661e-15,6.81e-05
2,28,6.81e-05,4.92661e-15,6.81e-05
3,28,6.81e-05,4.92661e-15,6.81e-05
4,28,6.81e-05,4.92661e-15,6.81e-05
5,28,6.81e-05,4.92661e-15,6.81e-05
6,28,6.81e-05,4.92661e-15,6.81e-05
7,28,6.81e-05,4.92661e-15,6.81e-05
8,28,6.81e-05,4.92661e-15,6.81e-05
9,28,6.81e-05,4.92661e-15,6.81e-05
10,28,6.81e-05,4.92661e-15,6.81e-05
11,28,6.81e-05,4.92661e-15,6.81e-05
12,28,6.81e-05,4.92661e-15,6.81e-05
13,28,6.81e-05,4.92661e-15,6.81e-05
14,28,6.81e-05,4.92661e-15,6.81e-05
15,28,6.81e-05,4.92661e-15,6.81e-05
16,28,6.81e-05,4.92661e-15,6.81e-05
17,28,6.81e-05,4.92661e-15,6.81e-05
18,28,6.81e-05,4.92661e-15,6.81e-05
19,28,6.81e-05,4.92661e-15,6.81e-05
20,28,6.81e-05,4.92661e-15,6.81e-05
21,28,6.81e-05,4.92661e-15,6.81e-05
22,28,6.81e-05,4.92661e-15,6.81e-05
23,28,6.81e-05,4.92661e-15,6.81e-05
24,28,6.81e-05,4.92661e-15,6.81e-05
25,28,6.81e-05,4.92661e-15,6.81e-05
26,28,6.81e-05,4.92661e-15,6.81e-05
27,28,6.81e-05,4.92661e-15,6.81e-05
28,28,6.81e-05,4.92661e-15,6.81e-05
29,28,6.81e-05,4.92661e-15,6.81e-05
30,28,6.81e-05,4.92661e-15,6.81e-05
31,28,6.81e-05,4.92661e-15,6.81e-05
32,28,6.81e-05,4.92661e-15,6.81e-05
33,28,6.81e-05,4.92661e-15,6.81e-05
34,28,6.81e-05,4.92661e-15,6.81e-05
35,28,6.81e-05,4.92661e-15,6.81e-05
36,28,6.81e-05,4.92661e-15,6.81e-05
37,28,6.81e-05,4.92661e-15,6.81e-05
38,28,6.81e-05,4.92661e-15,6.81e-05
39,28,6.81e-05,4.92661e-15,6.81e-05
40,28,6.81e-05,4.92661e-15,6.81e-05
41,28,6.81e-05,4.92661e-15,6.81e-05
42,28,6.81e-05,4.92661e-15,6.81e-05
43,28,6.81e-05,4.92661e-15,6.81e-05
44,28,6.81e-05,4.92661e-15,6.81e-05
45,28,6.81e-05,4.92661e-15,6.81e-05
46,28,6.81e-05,4.92661e-15,6.81e-05
47,28,6.81e-05,4.92661e-15,6.81e-05
48,28,6.81e-05,4.92661e-15,6.81e-05
49,28,6.81e-05,4.92661e-15,6.81e-05
50,28,6.81e-05,4.92661e-15,6.81e-05
51,28,6.81e-05,4.92661e-15,6.81e-05
52,28,6.81e-05,4.92661e-15,6.81e-05
53,28,6.81e-05,4.92661e-15,6.81e-05
54,28,6.81e-05,4.92661e-15,6.81e-05
55,28,6.81e-05,4.92661e-15,6.81e-05
56,28,6.81e-05,4.92661e-15,6.81e-05
57,28,6.81e-05,4.92661e-15,6.81e-05
58,28,6.81e-05,4.92661e-15,6.81e-05
59,28,6.81e-05,4.92661e-15,6.81e-05
60,28,6.81e-05,4.92661e-15,6.81e-05
61,28,6.81e-05,4.92661e-15,6.81e-05
62,28,6.81e-05,4.92661e-15,6.81e-05
63,28,6.81e-05,4.92661e-15,6.81e-05
64,28,6.81e-05,4.92661e-15,6.81e-05
65,28,6.81e-05,4.92661e-15,6.81e-05
66,28,6.81e-05,4.92661e-15,6.81e-05
67,28,6.81e-05,4.92661e-15,6.81e-05
68,28,6.81e-05,4.92661e-15,6.81e-05
69,28,6.81e-05,4.92661e-15,6.81e-05
70,28,6.81e-05,4.92661e-15,6.81e-05
71,28,6.81e-05,4.92661e-15,6.81e-05
72,28,6.81e-05,4.92661e-15,6.81e-05
73,28,6.81e-05,4.92661e-15,6.81e-05
74,28,6.81e-05,4.92661e-15,6.81e-05
75,28,6.81e-05,4.92661e-15,6.81e-05
76,28,6.81e-05,4.92661e-15,6.81e-05
77,28,6.81e-05,4.92661e-15,6.81e-05
78,28,6.81e-05,4.92661e-15,6.81e-05
79,28,6.81e-05,4.92661e-15,6.81e-05
